customer_id,age,gender,region,join_date,loyalty_tier
CUST00001,56,F,Central,2022-11-24,Bronze
CUST00002,69,M,South,2022-02-27,Bronze
CUST00003,46,F,South,2022-01-13,Bronze
CUST00004,32,Other,East,2022-05-21,Bronze
CUST00005,60,M,Central,2022-05-06,Gold
CUST00006,25,M,North,2022-04-25,Bronze
CUST00007,38,M,South,2022-03-13,Bronze
CUST00008,56,F,Central,2022-02-22,Bronze
CUST00009,36,F,Central,2022-12-13,Bronze
CUST00010,40,M,North,2022-10-07,Gold
CUST00011,28,F,Central,2022-02-14,Bronze
CUST00012,28,M,Central,2022-10-30,Platinum
CUST00013,41,M,Central,2022-08-05,Bronze
CUST00014,53,F,South,2022-01-17,Silver
CUST00015,57,M,North,2022-01-16,Silver
CUST00016,41,F,Central,2022-02-17,Gold
CUST00017,20,M,Central,2022-04-22,Silver
CUST00018,39,Other,South,2022-04-30,Silver
CUST00019,19,M,North,2022-09-16,Bronze
CUST00020,41,M,East,2022-11-05,Bronze
CUST00021,61,F,South,2022-01-14,Gold
CUST00022,47,M,North,2022-10-15,Bronze
CUST00023,55,Other,Central,2022-04-12,Bronze
CUST00024,19,F,North,2022-11-29,Silver
CUST00025,38,F,North,2022-12-26,Bronze
CUST00026,50,F,North,2022-10-07,Platinum
CUST00027,29,F,East,2022-08-03,Silver
CUST00028,39,F,North,2022-04-23,Silver
CUST00029,61,F,East,2022-08-18,Gold
CUST00030,42,F,Central,2022-10-29,Bronze
CUST00031,66,M,East,2022-05-23,Bronze
CUST00032,44,M,Central,2022-01-04,Bronze
CUST00033,59,F,Central,2022-03-23,Bronze
CUST00034,45,M,East,2022-12-24,Silver
CUST00035,33,F,South,2022-08-05,Gold
CUST00036,32,M,West,2022-06-24,Bronze
CUST00037,64,M,North,2022-05-23,Bronze
CUST00038,68,F,West,2022-03-21,Platinum
CUST00039,61,F,North,2022-04-21,Bronze
CUST00040,69,M,North,2022-06-22,Bronze
CUST00041,20,F,Central,2022-02-22,Bronze
CUST00042,54,F,North,2022-02-17,Gold
CUST00043,68,M,North,2022-07-14,Silver
CUST00044,24,F,East,2022-02-19,Silver
CUST00045,38,M,West,2022-07-03,Gold
CUST00046,26,M,East,2022-06-26,Bronze
CUST00047,56,Other,North,2022-11-06,Bronze
CUST00048,35,M,Central,2022-05-16,Gold
CUST00049,21,F,East,2022-01-23,Bronze
CUST00050,42,F,East,2022-08-24,Silver
CUST00051,31,M,South,2022-10-02,Gold
CUST00052,67,F,North,2022-03-05,Silver
CUST00053,26,F,Central,2022-07-13,Silver
CUST00054,43,M,East,2022-02-10,Gold
CUST00055,19,F,East,2022-10-10,Gold
CUST00056,37,F,Central,2022-05-31,Bronze
CUST00057,45,F,North,2022-11-18,Bronze
CUST00058,64,F,South,2022-11-13,Bronze
CUST00059,24,M,East,2022-07-05,Silver
CUST00060,61,F,South,2022-10-23,Bronze
CUST00061,25,F,West,2022-04-09,Silver
CUST00062,64,F,North,2022-12-27,Bronze
CUST00063,52,F,West,2022-02-05,Silver
CUST00064,31,F,West,2022-01-24,Bronze
CUST00065,34,F,West,2022-12-05,Silver
CUST00066,53,F,North,2022-04-27,Silver
CUST00067,67,F,North,2022-05-29,Bronze
CUST00068,57,F,Central,2022-02-10,Bronze
CUST00069,21,F,South,2022-04-30,Silver
CUST00070,19,F,South,2022-02-21,Bronze
CUST00071,23,M,Central,2022-07-14,Bronze
CUST00072,59,M,Central,2022-05-23,Platinum
CUST00073,21,M,West,2022-08-21,Silver
CUST00074,46,F,Central,2022-11-22,Platinum
CUST00075,35,F,East,2022-07-06,Bronze
CUST00076,43,F,South,2022-03-25,Bronze
CUST00077,61,M,Central,2022-07-09,Gold
CUST00078,51,F,East,2022-07-01,Silver
CUST00079,27,M,East,2022-04-18,Silver
CUST00080,53,M,East,2022-12-10,Bronze
CUST00081,31,F,East,2022-05-17,Bronze
CUST00082,48,F,West,2022-12-26,Bronze
CUST00083,65,M,East,2022-12-16,Bronze
CUST00084,32,M,West,2022-11-28,Bronze
CUST00085,25,M,West,2022-02-06,Bronze
CUST00086,31,M,East,2022-11-08,Platinum
CUST00087,40,F,South,2022-11-22,Bronze
CUST00088,57,M,East,2022-03-29,Silver
CUST00089,38,F,East,2022-10-01,Gold
CUST00090,33,F,East,2022-05-06,Silver
CUST00091,62,M,South,2022-03-25,Bronze
CUST00092,35,M,North,2022-08-25,Silver
CUST00093,64,M,North,2022-07-14,Silver
CUST00094,41,M,West,2022-05-19,Silver
CUST00095,43,M,West,2022-11-24,Silver
CUST00096,42,F,South,2022-12-19,Platinum
CUST00097,62,M,Central,2022-10-13,Silver
CUST00098,58,Other,North,2022-04-23,Bronze
CUST00099,46,M,West,2022-12-17,Silver
CUST00100,32,F,North,2022-06-16,Bronze
CUST00101,62,F,South,2022-01-29,Gold
CUST00102,18,F,South,2022-04-28,Bronze
CUST00103,42,F,Central,2022-01-17,Bronze
CUST00104,24,F,Central,2022-06-11,Gold
CUST00105,26,F,South,2022-07-25,Silver
CUST00106,41,F,West,2022-05-18,Bronze
CUST00107,18,F,North,2022-02-03,Bronze
CUST00108,61,M,East,2022-04-19,Gold
CUST00109,25,M,Central,2022-10-18,Bronze
CUST00110,41,F,East,2022-06-11,Gold
CUST00111,28,F,West,2022-04-19,Bronze
CUST00112,68,F,Central,2022-12-02,Silver
CUST00113,34,F,East,2022-09-13,Gold
CUST00114,25,Other,West,2022-07-22,Bronze
CUST00115,52,M,North,2022-11-26,Bronze
CUST00116,52,M,West,2022-08-23,Bronze
CUST00117,50,M,Central,2022-03-15,Silver
CUST00118,22,M,South,2022-05-16,Silver
CUST00119,59,F,North,2022-03-13,Silver
CUST00120,56,M,East,2022-05-07,Bronze
CUST00121,58,F,Central,2022-10-15,Bronze
CUST00122,45,M,South,2022-10-03,Bronze
CUST00123,24,F,West,2022-05-15,Bronze
CUST00124,26,F,South,2022-10-27,Silver
CUST00125,25,M,Central,2022-08-08,Gold
CUST00126,29,F,Central,2022-10-26,Silver
CUST00127,51,M,South,2022-07-24,Bronze
CUST00128,50,M,West,2022-07-05,Platinum
CUST00129,65,M,South,2022-04-23,Silver
CUST00130,40,M,Central,2022-03-12,Gold
CUST00131,41,M,Central,2022-09-18,Silver
CUST00132,54,F,East,2022-09-10,Bronze
CUST00133,52,F,East,2022-02-16,Bronze
CUST00134,61,F,North,2022-01-25,Silver
CUST00135,57,M,Central,2022-02-26,Bronze
CUST00136,39,F,East,2022-03-20,Bronze
CUST00137,44,M,South,2022-11-18,Silver
CUST00138,52,M,West,2022-03-23,Silver
CUST00139,18,F,South,2022-12-15,Silver
CUST00140,52,M,West,2022-08-05,Bronze
CUST00141,54,F,East,2022-11-02,Bronze
CUST00142,64,F,North,2022-02-02,Silver
CUST00143,31,M,South,2022-07-17,Platinum
CUST00144,20,M,South,2022-07-15,Silver
CUST00145,18,M,South,2022-11-02,Gold
CUST00146,22,F,West,2022-08-28,Silver
CUST00147,43,M,East,2022-09-28,Silver
CUST00148,31,M,South,2022-05-09,Bronze
CUST00149,56,M,South,2022-10-11,Silver
CUST00150,44,F,North,2022-01-06,Silver
CUST00151,26,M,North,2022-12-15,Silver
CUST00152,32,M,East,2022-02-28,Bronze
CUST00153,32,F,East,2022-12-16,Silver
CUST00154,43,F,Central,2022-10-02,Bronze
CUST00155,59,M,North,2022-05-17,Silver
CUST00156,30,M,Central,2022-11-25,Bronze
CUST00157,68,M,West,2022-06-24,Gold
CUST00158,49,F,Central,2022-02-27,Bronze
CUST00159,56,M,South,2022-05-31,Bronze
CUST00160,66,F,Central,2022-08-11,Bronze
CUST00161,69,F,East,2022-03-22,Silver
CUST00162,49,F,West,2022-08-21,Bronze
CUST00163,21,M,South,2022-01-02,Bronze
CUST00164,47,F,Central,2022-05-15,Silver
CUST00165,54,F,West,2022-09-14,Bronze
CUST00166,40,F,West,2022-04-02,Gold
CUST00167,56,M,South,2022-09-17,Gold
CUST00168,62,Other,Central,2022-02-24,Silver
CUST00169,32,M,West,2022-11-17,Bronze
CUST00170,60,M,West,2022-06-02,Silver
CUST00171,46,M,North,2022-11-24,Bronze
CUST00172,53,F,West,2022-09-17,Bronze
CUST00173,30,M,North,2022-11-08,Bronze
CUST00174,49,M,Central,2022-04-12,Gold
CUST00175,24,M,Central,2022-03-20,Bronze
CUST00176,68,M,Central,2022-07-11,Silver
CUST00177,39,F,East,2022-03-24,Silver
CUST00178,45,F,Central,2022-10-04,Bronze
CUST00179,19,M,West,2022-09-29,Bronze
CUST00180,59,M,South,2022-01-01,Platinum
CUST00181,62,F,North,2022-11-03,Silver
CUST00182,23,M,East,2022-06-15,Silver
CUST00183,45,M,Central,2022-09-08,Bronze
CUST00184,45,Other,Central,2022-01-10,Bronze
CUST00185,61,F,South,2022-02-27,Bronze
CUST00186,61,M,South,2022-07-05,Bronze
CUST00187,37,F,East,2022-06-07,Bronze
CUST00188,47,M,North,2022-05-03,Gold
CUST00189,28,F,Central,2022-01-30,Bronze
CUST00190,45,M,East,2022-05-04,Bronze
CUST00191,42,M,West,2022-10-18,Silver
CUST00192,56,M,West,2022-02-10,Silver
CUST00193,50,F,East,2022-02-13,Bronze
CUST00194,18,F,Central,2022-09-06,Silver
CUST00195,44,M,East,2022-02-05,Bronze
CUST00196,69,M,Central,2022-09-30,Bronze
CUST00197,30,F,South,2022-03-06,Bronze
CUST00198,58,M,East,2022-03-07,Gold
CUST00199,20,M,Central,2022-12-04,Bronze
CUST00200,56,Other,East,2022-09-01,Bronze
CUST00201,23,M,East,2022-10-09,Bronze
CUST00202,25,F,Central,2022-03-26,Gold
CUST00203,44,Other,Central,2022-05-16,Bronze
CUST00204,26,M,North,2022-09-28,Bronze
CUST00205,54,M,East,2022-11-07,Bronze
CUST00206,50,M,West,2022-08-05,Bronze
CUST00207,68,F,East,2022-04-19,Silver
CUST00208,59,F,East,2022-10-04,Silver
CUST00209,61,F,Central,2022-12-20,Bronze
CUST00210,41,M,East,2022-04-13,Bronze
CUST00211,32,F,East,2023-01-01,Bronze
CUST00212,49,F,West,2022-06-09,Bronze
CUST00213,49,F,Central,2022-07-24,Bronze
CUST00214,41,F,East,2022-12-10,Silver
CUST00215,58,F,South,2022-11-29,Platinum
CUST00216,69,F,North,2022-07-11,Platinum
CUST00217,66,F,West,2022-08-13,Gold
CUST00218,66,M,East,2022-09-22,Silver
CUST00219,69,M,South,2022-08-20,Silver
CUST00220,29,F,East,2022-03-03,Bronze
CUST00221,56,M,East,2022-05-07,Silver
CUST00222,19,F,Central,2022-04-26,Bronze
CUST00223,20,Other,Central,2022-02-02,Bronze
CUST00224,66,F,Central,2022-06-23,Silver
CUST00225,54,M,South,2022-01-11,Bronze
CUST00226,66,M,East,2022-10-29,Bronze
CUST00227,34,M,North,2022-10-11,Gold
CUST00228,66,F,West,2022-04-28,Bronze
CUST00229,19,F,Central,2022-10-29,Bronze
CUST00230,19,F,Central,2022-04-23,Gold
CUST00231,45,M,East,2022-01-04,Silver
CUST00232,40,F,East,2022-02-06,Silver
CUST00233,54,F,South,2022-12-29,Bronze
CUST00234,49,M,South,2022-11-20,Bronze
CUST00235,50,F,Central,2022-01-31,Gold
CUST00236,18,M,East,2022-04-28,Silver
CUST00237,36,M,North,2022-02-04,Silver
CUST00238,19,F,West,2022-01-17,Bronze
CUST00239,61,M,East,2022-06-19,Bronze
CUST00240,43,F,East,2022-02-06,Platinum
CUST00241,49,F,South,2022-09-21,Bronze
CUST00242,23,F,West,2022-05-02,Silver
CUST00243,49,M,Central,2022-05-23,Bronze
CUST00244,21,F,East,2022-12-09,Silver
CUST00245,28,F,Central,2022-09-06,Gold
CUST00246,34,F,East,2022-04-20,Silver
CUST00247,55,M,Central,2022-10-04,Bronze
CUST00248,41,M,West,2022-03-09,Silver
CUST00249,22,F,South,2022-10-20,Silver
CUST00250,69,M,West,2022-10-23,Bronze
CUST00251,51,F,North,2022-08-31,Gold
CUST00252,23,F,South,2022-05-05,Silver
CUST00253,39,F,West,2022-08-31,Gold
CUST00254,28,F,North,2022-07-28,Silver
CUST00255,65,F,East,2022-04-08,Bronze
CUST00256,33,F,East,2022-02-18,Bronze
CUST00257,50,F,Central,2022-02-19,Bronze
CUST00258,26,F,South,2022-12-04,Gold
CUST00259,23,M,East,2022-08-09,Silver
CUST00260,33,M,South,2022-07-01,Silver
CUST00261,46,F,East,2022-08-05,Bronze
CUST00262,20,M,Central,2022-07-30,Bronze
CUST00263,37,M,West,2022-08-28,Silver
CUST00264,53,M,Central,2022-01-28,Bronze
CUST00265,36,F,North,2022-12-11,Bronze
CUST00266,43,F,East,2022-12-01,Silver
CUST00267,20,F,North,2022-11-27,Bronze
CUST00268,36,F,North,2022-02-20,Bronze
CUST00269,37,F,South,2022-02-01,Bronze
CUST00270,49,M,East,2022-07-26,Bronze
CUST00271,24,F,North,2022-06-23,Platinum
CUST00272,69,M,West,2022-02-25,Bronze
CUST00273,58,F,North,2022-05-08,Bronze
CUST00274,50,F,West,2022-04-09,Bronze
CUST00275,57,M,South,2022-04-08,Silver
CUST00276,56,M,North,2022-10-02,Bronze
CUST00277,35,M,Central,2022-08-18,Silver
CUST00278,57,M,South,2022-03-13,Bronze
CUST00279,18,M,West,2022-08-05,Bronze
CUST00280,28,F,South,2022-04-04,Bronze
CUST00281,45,F,North,2022-05-23,Gold
CUST00282,42,F,East,2022-08-25,Gold
CUST00283,67,F,East,2022-05-08,Bronze
CUST00284,40,F,West,2022-02-08,Silver
CUST00285,48,F,West,2022-08-15,Gold
CUST00286,47,M,East,2022-10-09,Bronze
CUST00287,59,F,West,2022-02-20,Gold
CUST00288,52,M,South,2022-01-26,Bronze
CUST00289,24,Other,Central,2022-11-30,Gold
CUST00290,33,F,Central,2022-10-04,Silver
CUST00291,43,F,South,2022-01-08,Gold
CUST00292,65,M,Central,2022-02-17,Silver
CUST00293,69,F,North,2022-05-02,Bronze
CUST00294,66,F,South,2022-03-27,Gold
CUST00295,19,M,West,2022-07-28,Bronze
CUST00296,18,M,South,2022-09-06,Bronze
CUST00297,65,F,East,2022-09-04,Silver
CUST00298,29,M,West,2022-04-20,Silver
CUST00299,22,F,East,2022-07-25,Gold
CUST00300,54,M,West,2022-01-31,Bronze
CUST00301,49,M,Central,2022-03-26,Silver
CUST00302,26,F,South,2022-07-14,Silver
CUST00303,58,M,North,2022-01-02,Bronze
CUST00304,52,F,West,2022-07-19,Bronze
CUST00305,36,M,West,2022-05-16,Bronze
CUST00306,65,M,East,2022-08-21,Bronze
CUST00307,33,F,Central,2022-05-27,Platinum
CUST00308,20,F,East,2022-08-05,Silver
CUST00309,37,F,East,2022-12-23,Silver
CUST00310,41,F,Central,2022-10-12,Platinum
CUST00311,50,F,North,2022-12-05,Bronze
CUST00312,41,M,East,2022-09-07,Gold
CUST00313,69,M,East,2022-03-21,Bronze
CUST00314,28,F,West,2022-04-08,Gold
CUST00315,66,F,Central,2022-06-01,Bronze
CUST00316,25,F,South,2022-04-22,Gold
CUST00317,53,M,North,2022-01-30,Bronze
CUST00318,55,M,North,2022-10-24,Bronze
CUST00319,57,F,Central,2022-10-05,Silver
CUST00320,37,F,West,2022-02-01,Bronze
CUST00321,52,F,West,2022-06-10,Silver
CUST00322,65,F,Central,2022-01-30,Bronze
CUST00323,42,F,West,2022-01-26,Silver
CUST00324,52,M,North,2022-10-27,Bronze
CUST00325,42,M,North,2022-09-02,Bronze
CUST00326,46,M,South,2022-09-15,Bronze
CUST00327,35,M,Central,2022-09-29,Bronze
CUST00328,63,F,East,2022-03-22,Bronze
CUST00329,35,M,East,2022-01-30,Bronze
CUST00330,19,F,South,2022-09-18,Bronze
CUST00331,52,M,South,2022-02-11,Bronze
CUST00332,33,M,West,2022-04-06,Silver
CUST00333,58,M,South,2022-02-05,Gold
CUST00334,53,M,South,2022-11-01,Bronze
CUST00335,50,F,East,2022-02-04,Silver
CUST00336,21,M,West,2022-12-12,Silver
CUST00337,50,F,South,2022-05-01,Bronze
CUST00338,31,M,South,2022-07-26,Silver
CUST00339,38,M,West,2022-03-03,Bronze
CUST00340,65,M,Central,2022-10-19,Silver
CUST00341,37,F,West,2022-05-07,Bronze
CUST00342,25,F,East,2022-10-24,Silver
CUST00343,24,M,Central,2022-11-01,Silver
CUST00344,20,M,North,2022-01-21,Bronze
CUST00345,34,F,West,2022-11-14,Bronze
CUST00346,50,M,East,2022-02-11,Platinum
CUST00347,65,M,Central,2022-08-03,Bronze
CUST00348,29,F,West,2022-12-03,Silver
CUST00349,68,F,South,2022-10-26,Gold
CUST00350,39,M,West,2022-10-17,Silver
CUST00351,39,F,North,2022-09-25,Silver
CUST00352,63,F,West,2022-06-11,Silver
CUST00353,47,M,Central,2022-05-14,Gold
CUST00354,55,F,Central,2022-04-15,Bronze
CUST00355,55,F,West,2022-12-09,Bronze
CUST00356,62,M,Central,2022-06-10,Bronze
CUST00357,68,M,South,2022-05-03,Platinum
CUST00358,25,M,West,2022-05-16,Silver
CUST00359,44,F,South,2022-07-22,Bronze
CUST00360,44,M,South,2022-03-09,Gold
CUST00361,51,F,East,2022-12-10,Bronze
CUST00362,38,F,West,2022-11-27,Bronze
CUST00363,47,M,Central,2022-06-03,Silver
CUST00364,50,F,South,2022-08-23,Bronze
CUST00365,45,M,East,2022-06-11,Gold
CUST00366,64,F,West,2022-02-07,Bronze
CUST00367,50,F,West,2022-01-05,Gold
CUST00368,22,M,North,2022-08-23,Silver
CUST00369,65,M,North,2022-11-15,Bronze
CUST00370,36,M,South,2022-10-16,Platinum
CUST00371,21,M,North,2022-02-21,Silver
CUST00372,52,M,South,2022-02-07,Bronze
CUST00373,66,M,Central,2022-10-03,Bronze
CUST00374,34,Other,South,2022-04-20,Gold
CUST00375,61,M,North,2022-09-17,Bronze
CUST00376,45,M,Central,2022-05-16,Bronze
CUST00377,47,F,North,2022-03-09,Bronze
CUST00378,46,M,South,2022-06-28,Bronze
CUST00379,63,Other,East,2022-02-05,Silver
CUST00380,23,F,West,2022-05-06,Bronze
CUST00381,52,F,North,2022-07-09,Bronze
CUST00382,58,M,South,2022-05-26,Bronze
CUST00383,54,M,Central,2022-03-22,Bronze
CUST00384,41,M,North,2022-08-13,Gold
CUST00385,46,F,North,2022-10-06,Bronze
CUST00386,66,M,West,2022-12-27,Platinum
CUST00387,63,M,South,2022-06-04,Bronze
CUST00388,48,Other,East,2022-11-10,Bronze
CUST00389,52,M,Central,2022-12-01,Gold
CUST00390,50,M,South,2022-09-28,Bronze
CUST00391,69,M,Central,2022-01-05,Silver
CUST00392,38,Other,North,2022-12-08,Platinum
CUST00393,49,M,West,2022-10-11,Bronze
CUST00394,40,F,West,2022-06-03,Bronze
CUST00395,50,F,East,2022-12-06,Silver
CUST00396,20,M,West,2022-02-23,Bronze
CUST00397,35,F,North,2022-03-10,Bronze
CUST00398,42,M,East,2022-05-16,Bronze
CUST00399,59,M,South,2022-03-01,Bronze
CUST00400,48,F,West,2022-02-24,Silver
CUST00401,20,F,East,2022-10-11,Bronze
CUST00402,57,F,North,2022-03-21,Bronze
CUST00403,63,F,Central,2022-05-20,Silver
CUST00404,41,M,Central,2022-05-25,Bronze
CUST00405,67,M,North,2022-11-06,Bronze
CUST00406,49,M,North,2022-04-18,Silver
CUST00407,64,M,Central,2022-06-25,Bronze
CUST00408,39,M,East,2022-04-15,Silver
CUST00409,40,M,Central,2022-12-18,Gold
CUST00410,19,M,North,2022-11-21,Bronze
CUST00411,44,M,West,2022-05-16,Silver
CUST00412,59,F,South,2022-09-16,Bronze
CUST00413,19,F,West,2022-09-08,Bronze
CUST00414,43,M,West,2022-05-09,Gold
CUST00415,34,F,North,2022-01-27,Gold
CUST00416,57,F,Central,2022-02-17,Bronze
CUST00417,50,M,East,2022-11-21,Silver
CUST00418,26,F,West,2022-08-05,Gold
CUST00419,60,F,Central,2022-05-22,Platinum
CUST00420,65,F,East,2022-01-23,Silver
CUST00421,56,M,West,2022-01-02,Bronze
CUST00422,46,F,East,2022-06-20,Bronze
CUST00423,59,M,Central,2022-03-08,Platinum
CUST00424,43,F,South,2022-11-23,Bronze
CUST00425,52,F,Central,2022-05-15,Silver
CUST00426,67,F,North,2022-03-24,Bronze
CUST00427,42,F,East,2022-08-15,Bronze
CUST00428,41,F,South,2022-10-10,Bronze
CUST00429,30,M,East,2022-12-28,Platinum
CUST00430,24,M,East,2022-08-07,Bronze
CUST00431,53,F,West,2022-10-15,Silver
CUST00432,62,M,North,2022-01-05,Bronze
CUST00433,37,M,East,2022-02-27,Bronze
CUST00434,18,M,Central,2022-02-08,Bronze
CUST00435,25,M,Central,2022-12-20,Silver
CUST00436,63,F,West,2022-03-18,Bronze
CUST00437,33,F,North,2022-10-07,Bronze
CUST00438,31,F,North,2022-01-19,Bronze
CUST00439,29,F,Central,2022-07-09,Bronze
CUST00440,68,M,South,2022-10-26,Platinum
CUST00441,40,M,West,2022-10-10,Gold
CUST00442,32,F,West,2022-03-17,Bronze
CUST00443,45,M,Central,2022-08-09,Silver
CUST00444,51,F,Central,2022-03-07,Gold
CUST00445,19,F,South,2022-01-22,Bronze
CUST00446,49,M,South,2022-06-07,Gold
CUST00447,40,F,North,2022-07-06,Gold
CUST00448,39,F,West,2022-01-21,Bronze
CUST00449,68,F,West,2022-07-03,Bronze
CUST00450,42,M,Central,2022-04-18,Platinum
CUST00451,39,M,North,2022-12-16,Silver
CUST00452,39,F,West,2022-05-08,Bronze
CUST00453,66,M,North,2022-12-08,Bronze
CUST00454,69,M,North,2022-02-22,Bronze
CUST00455,59,F,Central,2022-07-01,Silver
CUST00456,23,M,North,2022-10-14,Silver
CUST00457,32,F,South,2022-07-28,Platinum
CUST00458,60,F,South,2022-11-14,Bronze
CUST00459,54,F,East,2022-03-21,Silver
CUST00460,50,M,Central,2022-05-02,Silver
CUST00461,25,F,East,2022-03-25,Bronze
CUST00462,61,M,South,2022-04-01,Bronze
CUST00463,61,M,East,2022-07-31,Platinum
CUST00464,22,F,Central,2022-01-13,Gold
CUST00465,56,M,Central,2022-04-02,Bronze
CUST00466,21,M,North,2022-06-20,Silver
CUST00467,23,F,West,2022-07-30,Bronze
CUST00468,62,M,North,2022-12-09,Silver
CUST00469,49,M,Central,2022-05-08,Silver
CUST00470,69,F,South,2022-05-17,Silver
CUST00471,47,F,South,2022-03-23,Platinum
CUST00472,64,F,North,2022-12-26,Silver
CUST00473,52,M,Central,2022-02-25,Bronze
CUST00474,57,M,South,2022-07-15,Silver
CUST00475,69,M,Central,2022-01-20,Bronze
CUST00476,33,M,South,2022-08-29,Bronze
CUST00477,30,F,Central,2022-04-24,Bronze
CUST00478,67,M,East,2022-04-13,Bronze
CUST00479,59,M,Central,2022-08-24,Silver
CUST00480,47,F,Central,2022-06-29,Bronze
CUST00481,36,F,North,2022-06-06,Silver
CUST00482,34,F,East,2022-04-27,Silver
CUST00483,36,M,West,2022-04-25,Bronze
CUST00484,45,M,North,2022-01-13,Gold
CUST00485,43,M,West,2022-12-04,Bronze
CUST00486,54,M,South,2022-04-09,Bronze
CUST00487,43,F,West,2022-07-24,Silver
CUST00488,40,F,Central,2022-06-18,Bronze
CUST00489,26,F,West,2022-05-23,Bronze
CUST00490,29,F,North,2022-02-05,Silver
CUST00491,18,M,North,2022-05-23,Silver
CUST00492,18,F,West,2022-06-29,Bronze
CUST00493,64,M,North,2022-11-25,Platinum
CUST00494,51,F,North,2022-09-18,Silver
CUST00495,49,F,West,2022-07-24,Gold
CUST00496,65,M,East,2022-12-14,Bronze
CUST00497,42,M,East,2022-10-02,Silver
CUST00498,57,Other,South,2022-06-19,Gold
CUST00499,62,M,North,2022-01-15,Silver
CUST00500,18,M,West,2022-03-01,Silver
CUST00501,33,M,North,2022-05-14,Bronze
CUST00502,56,F,Central,2022-04-02,Bronze
CUST00503,22,F,North,2022-10-25,Bronze
CUST00504,39,F,North,2022-05-16,Bronze
CUST00505,46,M,East,2022-01-20,Gold
CUST00506,20,F,West,2022-02-25,Bronze
CUST00507,29,M,North,2022-11-02,Platinum
CUST00508,43,F,East,2022-08-11,Platinum
CUST00509,33,F,South,2022-06-26,Bronze
CUST00510,68,M,East,2022-06-10,Bronze
CUST00511,54,M,East,2022-08-12,Gold
CUST00512,39,M,East,2022-11-07,Platinum
CUST00513,46,M,North,2022-09-19,Bronze
CUST00514,31,M,North,2022-03-01,Bronze
CUST00515,45,F,South,2022-07-17,Silver
CUST00516,22,F,Central,2022-10-23,Silver
CUST00517,64,M,Central,2022-04-08,Bronze
CUST00518,66,M,Central,2022-05-11,Silver
CUST00519,47,M,South,2022-01-23,Bronze
CUST00520,63,F,Central,2022-12-29,Bronze
CUST00521,69,M,Central,2022-08-12,Bronze
CUST00522,22,F,East,2022-01-01,Bronze
CUST00523,29,F,North,2022-09-24,Bronze
CUST00524,33,F,North,2022-10-03,Bronze
CUST00525,43,F,East,2022-12-18,Bronze
CUST00526,43,M,East,2022-12-10,Bronze
CUST00527,65,F,East,2022-04-11,Bronze
CUST00528,38,M,North,2022-07-06,Platinum
CUST00529,56,M,Central,2022-08-09,Bronze
CUST00530,53,F,East,2022-02-05,Bronze
CUST00531,50,F,South,2022-12-07,Silver
CUST00532,47,F,East,2022-06-19,Platinum
CUST00533,54,M,West,2022-11-16,Bronze
CUST00534,40,M,East,2022-06-10,Silver
CUST00535,27,F,North,2022-12-06,Silver
CUST00536,22,M,East,2022-03-05,Silver
CUST00537,53,F,West,2022-06-03,Bronze
CUST00538,51,F,South,2022-09-17,Silver
CUST00539,69,F,Central,2022-06-08,Bronze
CUST00540,48,M,East,2022-12-08,Silver
CUST00541,27,M,West,2022-07-29,Silver
CUST00542,36,M,West,2022-06-17,Bronze
CUST00543,49,F,South,2022-07-26,Gold
CUST00544,18,M,North,2022-12-23,Bronze
CUST00545,22,F,East,2022-06-01,Gold
CUST00546,62,M,West,2022-10-11,Bronze
CUST00547,21,Other,South,2022-03-07,Bronze
CUST00548,33,M,Central,2022-04-09,Bronze
CUST00549,41,M,West,2022-08-04,Platinum
CUST00550,33,M,South,2022-12-07,Bronze
CUST00551,19,F,North,2022-07-14,Bronze
CUST00552,66,F,North,2022-12-13,Bronze
CUST00553,45,F,West,2022-03-31,Silver
CUST00554,49,M,West,2022-11-12,Silver
CUST00555,44,M,East,2022-10-19,Bronze
CUST00556,37,F,South,2022-06-04,Bronze
CUST00557,41,M,West,2022-07-27,Bronze
CUST00558,29,M,East,2022-10-08,Bronze
CUST00559,67,Other,East,2022-01-01,Bronze
CUST00560,52,Other,West,2022-06-05,Silver
CUST00561,50,F,North,2022-05-27,Bronze
CUST00562,50,F,South,2022-04-18,Bronze
CUST00563,68,M,South,2022-08-09,Bronze
CUST00564,60,M,North,2022-10-24,Platinum
CUST00565,54,F,West,2022-11-07,Platinum
CUST00566,29,F,South,2022-12-02,Gold
CUST00567,20,M,West,2022-06-14,Bronze
CUST00568,18,M,West,2022-08-27,Bronze
CUST00569,50,M,East,2022-08-15,Bronze
CUST00570,57,F,North,2022-08-15,Bronze
CUST00571,27,F,West,2022-12-12,Silver
CUST00572,60,F,Central,2022-04-20,Silver
CUST00573,61,M,North,2022-09-19,Gold
CUST00574,46,Other,South,2022-08-31,Gold
CUST00575,30,F,East,2022-03-28,Bronze
CUST00576,29,M,South,2022-12-04,Silver
CUST00577,48,M,South,2022-02-13,Bronze
CUST00578,63,M,North,2022-05-26,Bronze
CUST00579,19,M,South,2022-09-21,Silver
CUST00580,68,F,West,2022-12-06,Bronze
CUST00581,67,M,South,2022-11-21,Bronze
CUST00582,52,F,East,2022-11-14,Bronze
CUST00583,40,M,East,2022-06-21,Silver
CUST00584,34,M,Central,2022-02-17,Silver
CUST00585,43,M,East,2022-05-01,Bronze
CUST00586,25,M,South,2022-12-11,Gold
CUST00587,46,F,East,2022-06-08,Bronze
CUST00588,43,F,North,2022-04-26,Bronze
CUST00589,27,F,East,2022-04-12,Silver
CUST00590,43,F,West,2022-03-17,Silver
CUST00591,51,M,North,2022-01-13,Platinum
CUST00592,68,M,Central,2022-01-24,Bronze
CUST00593,58,M,West,2022-05-06,Silver
CUST00594,24,F,South,2022-09-01,Silver
CUST00595,21,M,South,2022-11-09,Gold
CUST00596,67,M,South,2022-02-07,Bronze
CUST00597,62,F,West,2022-08-22,Silver
CUST00598,28,M,West,2022-08-01,Silver
CUST00599,46,M,West,2022-11-19,Bronze
CUST00600,53,M,North,2022-10-22,Bronze
CUST00601,42,F,North,2022-04-10,Bronze
CUST00602,38,F,South,2022-12-23,Silver
CUST00603,53,F,East,2022-07-16,Gold
CUST00604,27,M,South,2022-09-11,Silver
CUST00605,54,Other,Central,2022-07-24,Silver
CUST00606,26,F,North,2022-05-05,Silver
CUST00607,41,M,West,2022-03-17,Bronze
CUST00608,52,F,North,2022-12-02,Bronze
CUST00609,66,M,West,2022-12-19,Bronze
CUST00610,52,F,Central,2022-01-03,Bronze
CUST00611,65,F,Central,2022-02-24,Bronze
CUST00612,53,M,North,2022-08-06,Silver
CUST00613,35,Other,West,2022-04-23,Bronze
CUST00614,66,F,Central,2022-04-01,Bronze
CUST00615,56,F,South,2022-12-23,Bronze
CUST00616,49,M,South,2022-09-23,Bronze
CUST00617,41,M,West,2022-08-26,Gold
CUST00618,40,M,North,2022-01-26,Gold
CUST00619,49,F,Central,2022-10-13,Silver
CUST00620,54,M,North,2022-05-08,Bronze
CUST00621,29,F,South,2022-03-04,Silver
CUST00622,66,F,Central,2022-08-22,Gold
CUST00623,30,M,North,2022-03-10,Silver
CUST00624,40,F,East,2022-08-26,Bronze
CUST00625,42,M,West,2022-12-08,Silver
CUST00626,52,Other,West,2022-09-29,Gold
CUST00627,58,F,East,2022-10-14,Silver
CUST00628,47,M,South,2022-11-01,Silver
CUST00629,34,M,Central,2022-06-12,Bronze
CUST00630,66,M,West,2022-08-15,Silver
CUST00631,37,F,East,2022-11-10,Bronze
CUST00632,65,F,East,2022-09-16,Silver
CUST00633,42,F,South,2022-08-07,Bronze
CUST00634,39,M,South,2022-10-08,Bronze
CUST00635,30,M,North,2022-08-17,Bronze
CUST00636,36,M,West,2022-03-23,Silver
CUST00637,66,F,North,2022-09-01,Bronze
CUST00638,53,F,East,2022-08-19,Silver
CUST00639,29,M,Central,2022-05-13,Silver
CUST00640,58,M,Central,2022-05-07,Bronze
CUST00641,36,F,South,2022-11-23,Bronze
CUST00642,29,F,Central,2022-05-22,Bronze
CUST00643,26,F,Central,2022-09-24,Gold
CUST00644,24,F,Central,2022-09-06,Silver
CUST00645,45,M,East,2022-11-17,Bronze
CUST00646,31,M,Central,2022-05-03,Bronze
CUST00647,48,F,Central,2022-05-21,Silver
CUST00648,69,F,Central,2022-08-14,Gold
CUST00649,36,M,North,2022-02-09,Gold
CUST00650,64,F,East,2023-01-01,Silver
CUST00651,33,F,South,2022-05-27,Bronze
CUST00652,22,F,North,2022-05-01,Bronze
CUST00653,52,F,West,2022-05-20,Bronze
CUST00654,29,M,East,2022-06-21,Bronze
CUST00655,42,F,East,2022-06-13,Bronze
CUST00656,69,F,West,2022-10-04,Bronze
CUST00657,38,F,West,2022-02-11,Bronze
CUST00658,53,F,West,2022-03-12,Gold
CUST00659,40,F,South,2022-03-19,Silver
CUST00660,33,M,Central,2022-04-29,Gold
CUST00661,56,F,East,2022-07-16,Silver
CUST00662,62,F,Central,2022-12-22,Bronze
CUST00663,59,F,Central,2022-03-20,Silver
CUST00664,56,F,West,2022-12-28,Bronze
CUST00665,31,F,South,2022-04-20,Silver
CUST00666,48,M,North,2022-02-02,Bronze
CUST00667,22,F,South,2022-08-01,Platinum
CUST00668,52,M,Central,2022-07-28,Bronze
CUST00669,40,M,South,2022-06-19,Bronze
CUST00670,46,F,West,2022-10-05,Gold
CUST00671,60,F,North,2022-08-27,Bronze
CUST00672,28,M,West,2022-08-01,Silver
CUST00673,35,M,North,2022-02-01,Silver
CUST00674,64,F,Central,2022-04-16,Gold
CUST00675,29,M,North,2022-08-04,Platinum
CUST00676,26,M,North,2022-07-19,Platinum
CUST00677,27,M,North,2022-10-27,Bronze
CUST00678,61,M,South,2022-12-23,Gold
CUST00679,34,M,South,2022-01-11,Silver
CUST00680,55,M,Central,2022-10-22,Silver
CUST00681,24,M,North,2022-07-14,Bronze
CUST00682,63,F,East,2022-09-02,Silver
CUST00683,30,F,Central,2022-01-04,Platinum
CUST00684,57,F,North,2022-06-30,Gold
CUST00685,59,M,North,2022-06-02,Bronze
CUST00686,26,M,South,2022-07-19,Bronze
CUST00687,67,F,Central,2022-08-03,Bronze
CUST00688,44,M,North,2022-10-03,Gold
CUST00689,19,F,North,2022-10-07,Silver
CUST00690,22,F,Central,2022-11-05,Bronze
CUST00691,46,F,East,2022-04-23,Bronze
CUST00692,54,M,Central,2022-09-07,Bronze
CUST00693,55,M,Central,2022-04-23,Bronze
CUST00694,36,F,East,2022-05-20,Gold
CUST00695,25,M,Central,2022-08-12,Silver
CUST00696,65,F,North,2022-09-06,Bronze
CUST00697,62,F,Central,2022-01-15,Silver
CUST00698,18,Other,East,2022-07-19,Bronze
CUST00699,39,M,West,2022-06-22,Platinum
CUST00700,69,F,Central,2022-12-09,Bronze
CUST00701,34,F,South,2022-12-14,Bronze
CUST00702,24,M,North,2022-07-27,Bronze
CUST00703,42,M,North,2022-03-26,Silver
CUST00704,62,F,South,2022-08-28,Silver
CUST00705,21,M,South,2022-03-07,Silver
CUST00706,53,M,Central,2022-11-15,Bronze
CUST00707,23,M,South,2022-10-01,Bronze
CUST00708,48,F,West,2022-01-14,Bronze
CUST00709,36,F,East,2022-07-21,Silver
CUST00710,61,F,South,2022-10-31,Bronze
CUST00711,56,M,South,2022-10-16,Silver
CUST00712,44,M,West,2022-12-06,Gold
CUST00713,27,F,North,2022-01-14,Gold
CUST00714,43,F,North,2022-02-12,Bronze
CUST00715,36,M,Central,2022-11-26,Bronze
CUST00716,56,F,West,2022-08-08,Bronze
CUST00717,20,Other,East,2022-03-11,Silver
CUST00718,62,F,East,2022-08-25,Gold
CUST00719,30,F,West,2022-04-04,Bronze
CUST00720,67,F,East,2022-01-26,Bronze
CUST00721,45,M,North,2022-05-14,Gold
CUST00722,37,F,East,2022-07-14,Gold
CUST00723,45,Other,East,2022-06-17,Bronze
CUST00724,25,M,West,2022-04-19,Silver
CUST00725,58,F,West,2022-08-21,Bronze
CUST00726,56,F,East,2022-06-17,Bronze
CUST00727,18,F,South,2022-06-22,Gold
CUST00728,20,F,West,2022-07-14,Gold
CUST00729,30,F,Central,2022-05-23,Silver
CUST00730,45,F,Central,2022-08-04,Bronze
CUST00731,66,M,North,2022-05-10,Gold
CUST00732,42,F,East,2022-02-11,Bronze
CUST00733,50,M,South,2022-08-29,Bronze
CUST00734,55,M,North,2022-01-10,Silver
CUST00735,23,M,East,2022-10-04,Bronze
CUST00736,61,F,West,2022-01-27,Silver
CUST00737,62,M,Central,2022-06-29,Silver
CUST00738,49,F,South,2022-04-25,Bronze
CUST00739,62,F,Central,2022-11-29,Bronze
CUST00740,64,F,West,2022-02-05,Bronze
CUST00741,38,M,East,2022-11-30,Bronze
CUST00742,33,F,West,2022-01-21,Silver
CUST00743,38,F,West,2022-01-16,Gold
CUST00744,28,F,Central,2022-05-07,Bronze
CUST00745,54,M,South,2022-04-13,Bronze
CUST00746,53,M,West,2022-01-11,Silver
CUST00747,52,M,Central,2022-11-15,Gold
CUST00748,36,M,South,2022-03-20,Bronze
CUST00749,37,M,East,2022-05-03,Bronze
CUST00750,35,F,East,2022-03-06,Silver
CUST00751,64,M,North,2022-08-31,Bronze
CUST00752,58,M,Central,2022-12-09,Bronze
CUST00753,66,M,South,2022-02-28,Silver
CUST00754,31,M,West,2022-10-16,Silver
CUST00755,32,M,East,2022-04-22,Silver
CUST00756,48,M,South,2022-08-27,Silver
CUST00757,18,M,Central,2022-12-25,Silver
CUST00758,20,F,North,2022-05-12,Bronze
CUST00759,33,Other,East,2022-07-08,Bronze
CUST00760,40,M,South,2022-03-27,Bronze
CUST00761,28,M,South,2022-11-07,Bronze
CUST00762,29,F,South,2022-11-07,Silver
CUST00763,27,M,Central,2022-02-28,Gold
CUST00764,49,M,Central,2022-03-25,Platinum
CUST00765,33,F,Central,2022-06-09,Silver
CUST00766,25,M,West,2022-02-25,Bronze
CUST00767,55,F,South,2022-10-24,Bronze
CUST00768,29,F,East,2022-01-14,Gold
CUST00769,41,M,Central,2022-06-09,Silver
CUST00770,45,M,Central,2022-10-22,Silver
CUST00771,25,F,South,2022-12-13,Silver
CUST00772,45,M,Central,2022-07-12,Silver
CUST00773,53,M,West,2022-07-23,Gold
CUST00774,43,F,West,2022-04-12,Bronze
CUST00775,25,F,Central,2022-02-08,Silver
CUST00776,67,M,South,2022-10-31,Gold
CUST00777,45,F,South,2022-12-20,Bronze
CUST00778,45,M,South,2022-11-18,Silver
CUST00779,54,F,North,2022-05-05,Bronze
CUST00780,58,F,Central,2022-02-22,Platinum
CUST00781,53,F,South,2022-12-23,Bronze
CUST00782,44,F,West,2022-06-04,Silver
CUST00783,34,Other,East,2022-12-17,Bronze
CUST00784,26,M,East,2022-11-04,Silver
CUST00785,50,F,South,2022-03-03,Bronze
CUST00786,37,M,East,2022-10-17,Bronze
CUST00787,30,M,East,2022-01-22,Bronze
CUST00788,45,M,North,2022-06-27,Gold
CUST00789,65,F,West,2022-09-30,Bronze
CUST00790,46,Other,West,2022-08-08,Bronze
CUST00791,30,M,North,2022-12-05,Silver
CUST00792,63,M,North,2022-07-09,Silver
CUST00793,52,F,East,2022-02-05,Gold
CUST00794,23,M,Central,2022-09-17,Bronze
CUST00795,35,M,East,2022-11-28,Silver
CUST00796,68,F,North,2022-06-24,Bronze
CUST00797,22,F,West,2022-01-07,Bronze
CUST00798,64,Other,East,2022-08-04,Silver
CUST00799,42,M,Central,2022-09-08,Silver
CUST00800,19,M,East,2022-02-24,Silver
CUST00801,27,F,South,2022-08-10,Bronze
CUST00802,47,F,East,2022-07-05,Bronze
CUST00803,67,F,North,2022-11-22,Bronze
CUST00804,62,F,West,2022-08-24,Platinum
CUST00805,22,M,West,2022-12-29,Bronze
CUST00806,50,F,North,2022-03-20,Bronze
CUST00807,18,M,South,2022-08-11,Bronze
CUST00808,35,M,North,2022-04-01,Silver
CUST00809,49,F,East,2022-09-25,Bronze
CUST00810,64,M,North,2022-11-30,Gold
CUST00811,66,M,North,2022-05-19,Bronze
CUST00812,28,F,South,2022-11-12,Gold
CUST00813,38,M,East,2022-10-03,Bronze
CUST00814,43,F,Central,2022-09-05,Silver
CUST00815,42,M,Central,2022-08-27,Gold
CUST00816,39,F,West,2022-08-12,Bronze
CUST00817,44,M,North,2022-10-31,Platinum
CUST00818,66,M,West,2022-05-18,Bronze
CUST00819,30,Other,South,2022-06-15,Gold
CUST00820,50,F,Central,2022-05-06,Silver
CUST00821,51,F,North,2022-02-14,Bronze
CUST00822,58,M,South,2022-05-23,Bronze
CUST00823,52,F,South,2022-08-19,Bronze
CUST00824,18,F,North,2022-05-05,Bronze
CUST00825,38,F,South,2022-08-26,Bronze
CUST00826,65,F,North,2022-10-19,Bronze
CUST00827,23,M,North,2022-11-09,Bronze
CUST00828,45,M,East,2022-12-09,Silver
CUST00829,34,F,West,2022-07-14,Bronze
CUST00830,22,M,South,2022-06-22,Bronze
CUST00831,48,M,South,2022-01-15,Silver
CUST00832,22,F,East,2022-09-11,Bronze
CUST00833,55,F,East,2022-06-16,Bronze
CUST00834,20,F,East,2022-04-04,Bronze
CUST00835,40,F,Central,2022-09-07,Gold
CUST00836,54,F,Central,2022-04-19,Gold
CUST00837,54,M,Central,2022-07-01,Bronze
CUST00838,27,M,North,2022-05-13,Silver
CUST00839,27,M,South,2022-06-24,Silver
CUST00840,36,M,West,2022-05-24,Silver
CUST00841,34,F,North,2022-11-02,Silver
CUST00842,38,M,South,2022-12-26,Silver
CUST00843,31,M,South,2022-05-22,Bronze
CUST00844,26,M,East,2022-10-12,Bronze
CUST00845,63,M,East,2022-01-06,Bronze
CUST00846,18,M,North,2022-09-22,Gold
CUST00847,68,M,East,2022-04-08,Silver
CUST00848,62,M,South,2022-02-13,Gold
CUST00849,30,M,East,2022-05-04,Platinum
CUST00850,21,M,Central,2022-07-28,Bronze
CUST00851,18,F,East,2022-09-08,Silver
CUST00852,66,M,South,2022-10-12,Silver
CUST00853,57,M,North,2022-05-04,Platinum
CUST00854,49,F,West,2022-12-20,Platinum
CUST00855,51,M,East,2022-09-01,Silver
CUST00856,45,F,South,2022-11-27,Bronze
CUST00857,48,F,West,2022-12-31,Silver
CUST00858,25,M,West,2022-09-09,Bronze
CUST00859,56,F,Central,2022-08-18,Silver
CUST00860,43,M,West,2022-01-09,Gold
CUST00861,51,F,South,2022-02-17,Bronze
CUST00862,20,M,South,2022-05-31,Silver
CUST00863,67,F,East,2022-04-24,Bronze
CUST00864,29,M,East,2022-07-27,Bronze
CUST00865,18,F,East,2022-12-21,Bronze
CUST00866,61,F,West,2022-05-05,Silver
CUST00867,22,M,West,2022-06-06,Gold
CUST00868,47,M,Central,2022-12-06,Gold
CUST00869,47,F,East,2022-10-25,Bronze
CUST00870,34,F,North,2022-07-08,Gold
CUST00871,65,M,Central,2022-08-31,Silver
CUST00872,64,F,North,2022-10-11,Bronze
CUST00873,40,Other,West,2022-09-29,Bronze
CUST00874,32,F,Central,2022-06-26,Bronze
CUST00875,54,M,Central,2022-08-06,Gold
CUST00876,38,F,South,2022-10-09,Silver
CUST00877,31,M,West,2022-06-19,Silver
CUST00878,19,Other,West,2022-06-30,Bronze
CUST00879,28,F,Central,2022-12-26,Silver
CUST00880,68,M,West,2022-08-21,Bronze
CUST00881,56,F,Central,2022-05-19,Bronze
CUST00882,55,M,South,2022-06-06,Silver
CUST00883,51,Other,Central,2022-05-09,Bronze
CUST00884,55,Other,West,2022-04-29,Gold
CUST00885,67,F,West,2022-03-03,Bronze
CUST00886,51,M,Central,2022-04-09,Silver
CUST00887,35,F,Central,2022-06-11,Bronze
CUST00888,47,M,Central,2022-03-03,Silver
CUST00889,32,M,East,2022-10-02,Bronze
CUST00890,44,F,West,2022-12-20,Bronze
CUST00891,68,M,West,2022-04-05,Gold
CUST00892,51,M,East,2022-04-09,Bronze
CUST00893,69,Other,Central,2022-04-21,Gold
CUST00894,55,M,South,2022-09-05,Platinum
CUST00895,50,M,Central,2022-05-22,Bronze
CUST00896,41,F,Central,2022-10-29,Bronze
CUST00897,32,M,East,2022-09-26,Silver
CUST00898,47,F,West,2022-11-02,Platinum
CUST00899,59,Other,Central,2022-05-25,Gold
CUST00900,68,F,West,2022-02-21,Silver
CUST00901,34,F,North,2022-04-10,Silver
CUST00902,22,M,West,2022-06-01,Bronze
CUST00903,46,M,South,2022-04-27,Platinum
CUST00904,21,F,South,2022-07-04,Platinum
CUST00905,27,F,Central,2022-04-02,Bronze
CUST00906,34,F,West,2022-06-04,Bronze
CUST00907,27,M,Central,2022-01-08,Bronze
CUST00908,34,M,East,2022-12-29,Bronze
CUST00909,37,M,South,2022-10-01,Gold
CUST00910,41,F,Central,2022-03-06,Bronze
CUST00911,22,M,East,2022-05-21,Bronze
CUST00912,51,F,Central,2022-01-24,Bronze
CUST00913,23,F,West,2022-01-28,Platinum
CUST00914,19,M,West,2022-10-11,Silver
CUST00915,30,F,West,2022-05-30,Bronze
CUST00916,60,M,West,2022-12-24,Bronze
CUST00917,60,F,North,2022-03-06,Platinum
CUST00918,65,F,East,2022-11-23,Gold
CUST00919,28,F,East,2022-09-09,Bronze
CUST00920,68,F,West,2022-02-22,Bronze
CUST00921,64,M,North,2022-01-07,Bronze
CUST00922,40,M,West,2022-10-21,Bronze
CUST00923,33,F,North,2022-05-26,Silver
CUST00924,48,M,West,2022-08-29,Gold
CUST00925,28,M,South,2022-09-03,Bronze
CUST00926,33,M,South,2022-08-14,Gold
CUST00927,25,F,Central,2022-06-24,Bronze
CUST00928,21,M,West,2022-04-05,Silver
CUST00929,57,F,East,2022-01-27,Silver
CUST00930,21,Other,Central,2022-05-10,Bronze
CUST00931,42,M,South,2022-09-02,Bronze
CUST00932,20,M,West,2022-02-28,Silver
CUST00933,49,M,Central,2022-02-03,Bronze
CUST00934,20,F,West,2022-07-25,Bronze
CUST00935,44,M,South,2022-09-09,Silver
CUST00936,46,M,Central,2022-02-07,Platinum
CUST00937,49,M,South,2022-10-23,Bronze
CUST00938,67,F,North,2022-11-19,Gold
CUST00939,68,M,South,2022-12-18,Bronze
CUST00940,36,F,West,2022-01-28,Silver
CUST00941,38,F,East,2022-03-19,Silver
CUST00942,22,M,South,2022-03-18,Gold
CUST00943,35,F,East,2022-10-16,Bronze
CUST00944,45,M,North,2022-06-05,Silver
CUST00945,59,F,Central,2022-02-13,Silver
CUST00946,39,F,Central,2022-05-08,Bronze
CUST00947,38,F,East,2022-03-02,Bronze
CUST00948,23,M,Central,2022-10-13,Bronze
CUST00949,18,M,South,2022-08-02,Bronze
CUST00950,22,M,East,2022-11-07,Gold
CUST00951,58,M,West,2022-11-02,Bronze
CUST00952,29,M,South,2022-11-13,Bronze
CUST00953,43,M,South,2022-04-26,Silver
CUST00954,63,M,South,2022-09-25,Bronze
CUST00955,51,M,West,2022-07-14,Silver
CUST00956,66,F,North,2022-08-19,Bronze
CUST00957,31,M,Central,2022-08-15,Platinum
CUST00958,43,M,East,2022-06-02,Gold
CUST00959,62,M,North,2022-10-29,Gold
CUST00960,44,M,East,2022-08-08,Bronze
CUST00961,26,Other,Central,2022-06-06,Silver
CUST00962,43,M,West,2022-10-19,Bronze
CUST00963,64,F,South,2022-11-14,Bronze
CUST00964,39,Other,South,2022-01-31,Bronze
CUST00965,64,F,West,2022-11-09,Silver
CUST00966,47,F,North,2022-02-20,Bronze
CUST00967,60,F,North,2022-04-17,Silver
CUST00968,65,Other,East,2022-11-17,Bronze
CUST00969,34,F,West,2022-04-19,Bronze
CUST00970,43,F,North,2022-05-16,Silver
CUST00971,53,F,West,2022-12-05,Bronze
CUST00972,18,F,Central,2022-02-11,Silver
CUST00973,25,F,South,2022-03-22,Bronze
CUST00974,66,M,South,2022-05-03,Gold
CUST00975,52,M,South,2022-03-30,Silver
CUST00976,69,M,West,2022-10-10,Bronze
CUST00977,32,M,West,2022-02-08,Bronze
CUST00978,64,M,East,2022-03-22,Silver
CUST00979,39,M,South,2022-01-02,Gold
CUST00980,31,F,East,2022-07-29,Bronze
CUST00981,43,M,South,2022-08-19,Bronze
CUST00982,45,F,East,2022-12-19,Gold
CUST00983,40,M,East,2022-11-01,Silver
CUST00984,31,M,Central,2022-08-29,Bronze
CUST00985,41,F,East,2022-05-30,Bronze
CUST00986,19,F,West,2022-01-17,Bronze
CUST00987,62,M,East,2022-04-29,Silver
CUST00988,43,F,South,2022-05-28,Bronze
CUST00989,31,F,East,2022-12-28,Platinum
CUST00990,68,M,North,2022-05-25,Bronze
CUST00991,24,M,South,2022-12-26,Bronze
CUST00992,20,Other,North,2022-08-21,Silver
CUST00993,64,F,South,2022-02-06,Gold
CUST00994,40,F,West,2022-12-18,Gold
CUST00995,63,F,West,2022-04-30,Bronze
CUST00996,60,M,West,2022-05-16,Silver
CUST00997,64,M,North,2022-11-17,Silver
CUST00998,62,M,Central,2022-10-29,Bronze
CUST00999,35,F,South,2022-12-05,Bronze
CUST01000,55,F,West,2022-04-12,Bronze
CUST01001,52,F,South,2022-08-06,Bronze
CUST01002,68,M,North,2022-02-28,Gold
CUST01003,32,M,Central,2022-10-06,Bronze
CUST01004,42,F,North,2022-04-26,Platinum
CUST01005,54,F,South,2022-11-28,Silver
CUST01006,45,F,Central,2022-03-18,Silver
CUST01007,27,M,Central,2022-05-17,Silver
CUST01008,56,F,North,2022-03-14,Bronze
CUST01009,34,M,West,2022-02-06,Bronze
CUST01010,56,F,South,2022-01-31,Bronze
CUST01011,39,M,East,2022-03-26,Silver
CUST01012,43,F,East,2022-06-07,Bronze
CUST01013,61,M,North,2022-11-01,Silver
CUST01014,42,F,South,2022-10-19,Bronze
CUST01015,34,M,South,2022-05-28,Bronze
CUST01016,30,M,North,2022-08-13,Bronze
CUST01017,37,M,South,2022-03-05,Gold
CUST01018,42,M,West,2022-08-28,Silver
CUST01019,21,M,North,2022-12-19,Bronze
CUST01020,27,F,West,2022-06-05,Silver
CUST01021,20,M,South,2022-12-25,Bronze
CUST01022,58,F,North,2022-07-26,Platinum
CUST01023,62,F,South,2022-05-20,Silver
CUST01024,35,F,North,2022-09-14,Bronze
CUST01025,64,M,South,2022-10-04,Silver
CUST01026,53,M,West,2022-09-10,Bronze
CUST01027,64,F,West,2022-08-13,Platinum
CUST01028,39,Other,South,2022-02-11,Bronze
CUST01029,51,M,North,2022-11-03,Silver
CUST01030,64,M,East,2022-01-21,Bronze
CUST01031,25,M,West,2022-08-10,Silver
CUST01032,57,Other,West,2022-06-15,Silver
CUST01033,66,M,East,2022-11-06,Silver
CUST01034,61,M,South,2022-05-09,Silver
CUST01035,36,F,North,2022-01-14,Gold
CUST01036,59,M,South,2022-02-16,Bronze
CUST01037,58,M,Central,2022-04-28,Bronze
CUST01038,54,F,West,2022-12-12,Bronze
CUST01039,23,F,Central,2022-10-22,Platinum
CUST01040,69,M,West,2022-10-28,Bronze
CUST01041,43,M,West,2022-01-11,Silver
CUST01042,51,M,Central,2022-12-11,Silver
CUST01043,62,M,Central,2022-05-18,Bronze
CUST01044,23,F,South,2022-10-23,Bronze
CUST01045,54,M,Central,2022-01-21,Bronze
CUST01046,50,M,South,2022-03-31,Bronze
CUST01047,39,M,South,2022-08-29,Bronze
CUST01048,38,F,South,2022-09-23,Bronze
CUST01049,23,F,West,2022-11-30,Gold
CUST01050,23,F,West,2022-08-15,Platinum
CUST01051,65,M,Central,2022-05-23,Bronze
CUST01052,21,F,West,2022-04-03,Bronze
CUST01053,47,F,Central,2022-10-27,Bronze
CUST01054,28,M,West,2022-08-12,Silver
CUST01055,47,M,North,2022-11-22,Gold
CUST01056,48,M,North,2022-09-09,Bronze
CUST01057,41,M,Central,2022-02-16,Bronze
CUST01058,26,M,West,2022-08-29,Silver
CUST01059,20,M,West,2022-06-28,Silver
CUST01060,68,M,South,2022-07-29,Bronze
CUST01061,48,F,East,2022-06-20,Silver
CUST01062,57,M,Central,2022-06-14,Bronze
CUST01063,54,F,East,2022-12-10,Bronze
CUST01064,53,F,East,2022-02-23,Silver
CUST01065,41,F,Central,2022-03-24,Gold
CUST01066,48,F,West,2022-06-18,Bronze
CUST01067,23,M,Central,2022-07-30,Gold
CUST01068,19,F,East,2022-12-22,Bronze
CUST01069,37,M,West,2022-09-11,Silver
CUST01070,45,M,North,2022-05-28,Bronze
CUST01071,28,F,Central,2022-12-06,Gold
CUST01072,21,M,Central,2022-07-25,Gold
CUST01073,32,M,West,2022-10-09,Bronze
CUST01074,23,F,North,2022-01-19,Gold
CUST01075,66,F,North,2022-08-21,Gold
CUST01076,47,F,West,2022-02-15,Silver
CUST01077,55,M,South,2022-06-11,Bronze
CUST01078,68,F,Central,2022-05-10,Gold
CUST01079,19,M,Central,2022-06-15,Gold
CUST01080,32,F,East,2022-03-01,Bronze
CUST01081,28,F,West,2022-07-26,Platinum
CUST01082,25,F,East,2022-09-21,Bronze
CUST01083,43,F,East,2022-01-01,Bronze
CUST01084,68,M,North,2022-12-03,Silver
CUST01085,62,F,Central,2022-10-05,Silver
CUST01086,61,F,East,2022-08-25,Silver
CUST01087,22,M,North,2022-07-31,Bronze
CUST01088,23,F,West,2022-01-28,Platinum
CUST01089,43,M,East,2022-04-07,Bronze
CUST01090,21,F,Central,2022-09-23,Bronze
CUST01091,36,F,East,2022-07-05,Bronze
CUST01092,37,F,West,2022-11-15,Silver
CUST01093,50,M,East,2022-09-13,Gold
CUST01094,37,F,Central,2022-11-17,Silver
CUST01095,66,F,North,2022-08-15,Gold
CUST01096,29,F,Central,2022-01-27,Bronze
CUST01097,64,M,North,2022-04-15,Silver
CUST01098,18,M,South,2022-05-17,Bronze
CUST01099,43,F,Central,2022-10-09,Bronze
CUST01100,31,M,Central,2022-03-09,Bronze
CUST01101,55,F,West,2022-05-28,Silver
CUST01102,54,F,East,2022-08-13,Silver
CUST01103,28,F,North,2022-12-24,Silver
CUST01104,53,F,North,2022-09-06,Bronze
CUST01105,30,F,West,2022-03-04,Bronze
CUST01106,60,M,West,2022-01-15,Silver
CUST01107,20,M,East,2022-11-19,Bronze
CUST01108,50,M,East,2022-11-08,Gold
CUST01109,23,M,Central,2022-05-03,Silver
CUST01110,67,F,South,2022-12-30,Bronze
CUST01111,27,F,East,2022-03-23,Platinum
CUST01112,22,F,West,2022-06-09,Silver
CUST01113,40,F,East,2022-10-10,Bronze
CUST01114,27,Other,North,2022-01-08,Silver
CUST01115,61,F,South,2022-10-10,Bronze
CUST01116,19,F,Central,2022-07-28,Gold
CUST01117,30,F,North,2022-02-17,Gold
CUST01118,57,M,North,2022-04-26,Platinum
CUST01119,19,M,South,2022-02-28,Silver
CUST01120,37,M,Central,2022-08-25,Bronze
CUST01121,18,F,West,2022-03-02,Silver
CUST01122,54,F,Central,2022-11-28,Bronze
CUST01123,26,M,East,2022-03-20,Silver
CUST01124,34,M,North,2022-09-13,Silver
CUST01125,26,F,East,2022-05-30,Bronze
CUST01126,28,M,West,2022-09-18,Bronze
CUST01127,32,M,East,2022-12-28,Gold
CUST01128,41,F,Central,2022-05-20,Gold
CUST01129,55,M,East,2022-08-01,Bronze
CUST01130,52,M,West,2022-09-05,Bronze
CUST01131,47,F,West,2022-08-30,Bronze
CUST01132,48,F,West,2022-05-05,Gold
CUST01133,66,F,Central,2022-08-22,Bronze
CUST01134,22,M,West,2022-10-10,Silver
CUST01135,61,M,North,2022-03-16,Bronze
CUST01136,67,M,West,2022-07-16,Silver
CUST01137,31,F,East,2022-04-08,Bronze
CUST01138,28,F,East,2022-11-03,Silver
CUST01139,26,M,East,2022-09-18,Bronze
CUST01140,51,F,Central,2022-03-11,Silver
CUST01141,29,M,East,2022-02-05,Bronze
CUST01142,52,M,Central,2022-05-22,Silver
CUST01143,52,M,Central,2022-08-01,Gold
CUST01144,18,M,West,2022-06-24,Bronze
CUST01145,57,F,North,2022-09-17,Gold
CUST01146,39,F,West,2022-05-17,Silver
CUST01147,46,M,West,2022-01-02,Bronze
CUST01148,25,F,Central,2022-05-25,Bronze
CUST01149,28,M,Central,2022-06-02,Bronze
CUST01150,58,F,East,2022-10-28,Silver
CUST01151,54,F,East,2022-10-24,Silver
CUST01152,31,M,West,2022-12-04,Bronze
CUST01153,47,F,South,2022-09-08,Silver
CUST01154,52,M,South,2022-03-18,Gold
CUST01155,38,M,East,2022-08-17,Gold
CUST01156,54,M,South,2022-10-03,Silver
CUST01157,22,F,East,2022-09-05,Platinum
CUST01158,36,F,Central,2022-06-26,Silver
CUST01159,31,M,West,2022-06-20,Bronze
CUST01160,43,F,North,2022-10-10,Gold
CUST01161,21,F,West,2022-10-06,Bronze
CUST01162,42,F,East,2022-07-13,Bronze
CUST01163,62,F,East,2022-08-22,Bronze
CUST01164,59,F,West,2022-06-14,Gold
CUST01165,42,M,East,2022-04-07,Gold
CUST01166,35,M,South,2022-12-24,Bronze
CUST01167,57,Other,South,2022-05-03,Bronze
CUST01168,25,M,East,2022-10-20,Bronze
CUST01169,56,Other,East,2022-07-16,Silver
CUST01170,57,F,South,2022-04-30,Bronze
CUST01171,31,M,East,2022-07-30,Silver
CUST01172,49,M,East,2022-01-23,Bronze
CUST01173,68,M,West,2022-06-12,Bronze
CUST01174,55,F,North,2022-08-31,Bronze
CUST01175,50,M,South,2022-12-28,Bronze
CUST01176,40,M,West,2022-07-15,Gold
CUST01177,32,M,North,2022-07-17,Bronze
CUST01178,50,M,East,2022-12-06,Bronze
CUST01179,42,F,East,2022-11-30,Bronze
CUST01180,34,M,West,2022-03-19,Bronze
CUST01181,50,F,East,2022-09-11,Bronze
CUST01182,64,M,Central,2022-01-19,Bronze
CUST01183,19,M,West,2022-03-06,Silver
CUST01184,31,M,North,2022-09-15,Silver
CUST01185,57,M,West,2022-10-30,Bronze
CUST01186,57,Other,South,2022-06-19,Bronze
CUST01187,68,F,West,2022-02-21,Platinum
CUST01188,56,M,East,2022-08-14,Bronze
CUST01189,68,F,East,2022-02-21,Bronze
CUST01190,23,M,Central,2022-09-27,Bronze
CUST01191,23,M,Central,2022-08-22,Bronze
CUST01192,20,Other,Central,2022-01-08,Silver
CUST01193,24,F,North,2022-03-15,Bronze
CUST01194,68,Other,Central,2022-07-29,Silver
CUST01195,25,M,North,2022-12-02,Bronze
CUST01196,59,F,Central,2022-03-21,Bronze
CUST01197,69,M,North,2022-02-08,Silver
CUST01198,32,M,West,2022-08-29,Bronze
CUST01199,64,F,West,2022-05-16,Silver
CUST01200,46,M,East,2022-06-23,Bronze
CUST01201,50,F,North,2022-11-16,Silver
CUST01202,69,F,South,2022-12-21,Bronze
CUST01203,47,M,East,2022-07-23,Gold
CUST01204,56,F,West,2022-11-29,Bronze
CUST01205,44,F,North,2022-02-11,Gold
CUST01206,53,M,Central,2022-06-18,Bronze
CUST01207,46,F,South,2022-12-12,Silver
CUST01208,55,F,West,2022-10-01,Bronze
CUST01209,50,M,East,2022-07-14,Gold
CUST01210,54,F,North,2022-06-12,Bronze
CUST01211,44,Other,South,2022-11-17,Bronze
CUST01212,50,M,North,2022-09-07,Bronze
CUST01213,21,F,Central,2022-10-05,Bronze
CUST01214,39,M,East,2022-01-19,Bronze
CUST01215,19,F,North,2022-11-13,Gold
CUST01216,27,F,West,2022-02-05,Platinum
CUST01217,22,M,East,2022-05-01,Bronze
CUST01218,27,M,West,2022-11-20,Gold
CUST01219,50,F,North,2022-12-17,Silver
CUST01220,55,M,East,2022-05-28,Bronze
CUST01221,30,F,West,2022-04-27,Silver
CUST01222,48,M,Central,2022-02-16,Silver
CUST01223,64,F,Central,2022-08-11,Platinum
CUST01224,53,F,North,2022-02-20,Bronze
CUST01225,62,F,East,2022-11-21,Silver
CUST01226,41,M,South,2022-12-27,Bronze
CUST01227,69,F,East,2022-02-21,Bronze
CUST01228,32,F,Central,2022-08-16,Bronze
CUST01229,46,M,West,2022-03-27,Platinum
CUST01230,25,M,South,2022-12-22,Gold
CUST01231,22,M,North,2022-06-03,Silver
CUST01232,46,F,South,2022-01-15,Silver
CUST01233,64,F,North,2022-01-24,Bronze
CUST01234,21,M,South,2022-06-16,Bronze
CUST01235,29,F,North,2022-01-29,Bronze
CUST01236,62,M,North,2022-05-31,Bronze
CUST01237,19,M,South,2022-07-03,Silver
CUST01238,44,Other,South,2022-07-11,Silver
CUST01239,48,F,North,2022-08-09,Bronze
CUST01240,68,F,Central,2022-03-16,Bronze
CUST01241,68,M,South,2022-05-06,Bronze
CUST01242,53,F,East,2022-09-29,Bronze
CUST01243,53,F,West,2022-07-30,Gold
CUST01244,43,M,North,2022-10-17,Silver
CUST01245,60,F,North,2022-12-16,Gold
CUST01246,44,F,West,2022-04-03,Bronze
CUST01247,22,F,Central,2022-03-29,Bronze
CUST01248,37,M,West,2022-03-31,Bronze
CUST01249,28,F,South,2022-02-10,Gold
CUST01250,27,F,West,2022-11-09,Silver
CUST01251,57,M,North,2022-07-15,Bronze
CUST01252,55,F,West,2022-11-14,Silver
CUST01253,23,F,East,2022-12-16,Bronze
CUST01254,25,M,South,2022-05-04,Silver
CUST01255,40,M,West,2022-09-12,Gold
CUST01256,64,F,North,2022-10-26,Silver
CUST01257,43,F,South,2022-03-15,Silver
CUST01258,63,F,North,2022-04-29,Bronze
CUST01259,60,M,Central,2022-08-25,Bronze
CUST01260,29,Other,East,2022-11-23,Bronze
CUST01261,43,M,Central,2022-05-11,Bronze
CUST01262,30,M,East,2022-08-24,Silver
CUST01263,57,F,West,2022-05-11,Silver
CUST01264,35,M,South,2022-12-08,Bronze
CUST01265,42,M,West,2022-01-05,Gold
CUST01266,50,M,East,2022-08-27,Bronze
CUST01267,64,M,East,2022-05-28,Bronze
CUST01268,57,M,East,2022-12-13,Bronze
CUST01269,60,Other,North,2022-10-07,Bronze
CUST01270,29,M,South,2022-03-22,Bronze
CUST01271,61,F,West,2022-02-07,Bronze
CUST01272,53,F,West,2022-08-15,Bronze
CUST01273,65,F,Central,2022-06-26,Platinum
CUST01274,21,M,East,2022-10-28,Bronze
CUST01275,22,F,East,2022-06-03,Bronze
CUST01276,54,F,East,2022-11-24,Bronze
CUST01277,25,F,West,2022-08-06,Silver
CUST01278,59,F,Central,2022-12-20,Bronze
CUST01279,66,F,North,2022-05-09,Gold
CUST01280,45,M,South,2022-08-22,Silver
CUST01281,48,F,North,2022-06-04,Silver
CUST01282,26,F,West,2022-04-12,Silver
CUST01283,68,F,East,2022-07-16,Bronze
CUST01284,46,Other,South,2022-09-05,Bronze
CUST01285,31,M,West,2022-02-24,Bronze
CUST01286,57,Other,West,2022-05-02,Silver
CUST01287,58,M,West,2022-07-15,Bronze
CUST01288,39,M,South,2022-10-20,Bronze
CUST01289,28,M,South,2022-07-03,Platinum
CUST01290,40,M,Central,2022-10-22,Bronze
CUST01291,18,F,Central,2022-06-01,Gold
CUST01292,63,M,North,2022-12-25,Silver
CUST01293,54,M,South,2022-06-01,Bronze
CUST01294,38,F,South,2022-01-12,Bronze
CUST01295,43,F,South,2022-12-04,Bronze
CUST01296,63,F,Central,2022-07-22,Silver
CUST01297,53,F,West,2022-05-21,Silver
CUST01298,40,F,East,2022-01-05,Silver
CUST01299,18,M,Central,2022-10-17,Gold
CUST01300,68,M,South,2022-12-18,Silver
CUST01301,57,F,Central,2022-01-26,Bronze
CUST01302,32,M,North,2022-11-07,Bronze
CUST01303,38,F,South,2022-09-12,Gold
CUST01304,64,M,North,2022-05-27,Bronze
CUST01305,26,M,South,2022-04-28,Bronze
CUST01306,26,F,Central,2022-11-07,Silver
CUST01307,27,F,West,2022-06-30,Bronze
CUST01308,69,F,East,2022-04-23,Gold
CUST01309,43,F,North,2022-11-22,Silver
CUST01310,58,M,Central,2022-04-08,Bronze
CUST01311,52,M,West,2022-11-14,Gold
CUST01312,69,F,Central,2022-05-09,Bronze
CUST01313,42,F,North,2022-12-14,Bronze
CUST01314,43,M,East,2022-12-04,Bronze
CUST01315,28,F,Central,2022-12-15,Bronze
CUST01316,55,M,South,2022-03-12,Bronze
CUST01317,19,M,West,2022-11-18,Bronze
CUST01318,24,M,Central,2022-02-19,Bronze
CUST01319,35,F,West,2022-11-18,Bronze
CUST01320,44,F,South,2022-11-27,Silver
CUST01321,51,M,East,2022-01-21,Gold
CUST01322,44,F,East,2022-06-08,Bronze
CUST01323,34,M,South,2022-08-14,Bronze
CUST01324,60,M,West,2022-01-18,Bronze
CUST01325,61,M,Central,2022-10-24,Bronze
CUST01326,68,M,South,2022-07-06,Silver
CUST01327,41,M,North,2022-03-09,Silver
CUST01328,42,F,West,2022-02-16,Bronze
CUST01329,24,F,East,2022-06-01,Bronze
CUST01330,69,F,South,2022-06-17,Bronze
CUST01331,23,M,East,2022-08-01,Silver
CUST01332,41,M,West,2022-03-31,Bronze
CUST01333,50,M,East,2022-04-13,Platinum
CUST01334,66,M,South,2022-03-09,Silver
CUST01335,46,F,West,2022-10-04,Bronze
CUST01336,60,M,North,2022-07-07,Silver
CUST01337,39,F,South,2022-09-29,Gold
CUST01338,43,F,Central,2022-09-14,Silver
CUST01339,45,M,South,2022-05-20,Bronze
CUST01340,67,F,West,2022-03-26,Bronze
CUST01341,38,F,South,2022-05-12,Gold
CUST01342,66,F,North,2022-09-04,Silver
CUST01343,24,F,North,2022-06-01,Silver
CUST01344,34,M,Central,2022-06-23,Gold
CUST01345,37,M,East,2022-02-28,Gold
CUST01346,58,M,West,2022-08-28,Gold
CUST01347,66,M,West,2022-02-08,Bronze
CUST01348,37,F,East,2022-03-14,Silver
CUST01349,39,M,North,2022-04-26,Silver
CUST01350,45,F,North,2022-12-13,Silver
CUST01351,57,F,South,2022-12-12,Silver
CUST01352,66,M,Central,2022-07-23,Bronze
CUST01353,24,M,Central,2022-10-13,Silver
CUST01354,18,F,Central,2022-07-07,Silver
CUST01355,49,F,South,2022-02-16,Bronze
CUST01356,30,F,Central,2022-07-22,Bronze
CUST01357,47,M,East,2022-01-08,Bronze
CUST01358,40,M,South,2022-05-16,Bronze
CUST01359,68,M,East,2022-10-02,Bronze
CUST01360,36,M,South,2022-03-05,Bronze
CUST01361,49,F,Central,2022-08-21,Silver
CUST01362,47,F,East,2022-07-08,Silver
CUST01363,46,F,East,2022-12-11,Silver
CUST01364,66,F,East,2022-12-11,Gold
CUST01365,62,F,South,2022-05-15,Bronze
CUST01366,46,M,West,2022-10-27,Bronze
CUST01367,47,M,Central,2022-07-15,Gold
CUST01368,33,F,East,2022-11-23,Bronze
CUST01369,57,M,West,2022-07-10,Platinum
CUST01370,36,F,Central,2022-02-25,Gold
CUST01371,35,F,Central,2022-12-12,Silver
CUST01372,18,M,East,2022-04-30,Platinum
CUST01373,31,F,East,2022-08-30,Bronze
CUST01374,68,F,South,2022-01-13,Bronze
CUST01375,64,F,West,2022-11-14,Silver
CUST01376,67,F,West,2022-10-15,Bronze
CUST01377,19,F,East,2022-06-17,Gold
CUST01378,45,M,Central,2022-11-09,Bronze
CUST01379,66,M,East,2022-04-24,Silver
CUST01380,67,F,Central,2022-11-28,Silver
CUST01381,47,F,Central,2022-02-02,Silver
CUST01382,55,M,East,2022-11-22,Bronze
CUST01383,68,M,North,2022-08-26,Bronze
CUST01384,21,F,West,2022-12-25,Gold
CUST01385,18,F,Central,2022-06-04,Bronze
CUST01386,25,F,Central,2022-11-29,Gold
CUST01387,46,F,North,2022-07-29,Silver
CUST01388,56,M,South,2022-03-01,Silver
CUST01389,20,M,North,2022-03-13,Silver
CUST01390,49,F,North,2022-01-24,Bronze
CUST01391,27,M,Central,2022-01-20,Silver
CUST01392,27,M,West,2022-06-05,Gold
CUST01393,36,M,North,2022-09-10,Bronze
CUST01394,63,F,South,2022-03-01,Platinum
CUST01395,51,F,East,2022-02-19,Bronze
CUST01396,50,M,North,2022-05-01,Bronze
CUST01397,40,M,North,2022-10-03,Bronze
CUST01398,45,F,South,2022-03-11,Platinum
CUST01399,49,Other,West,2022-07-18,Bronze
CUST01400,67,M,North,2022-08-21,Gold
CUST01401,24,F,North,2022-07-09,Gold
CUST01402,46,M,West,2022-12-10,Bronze
CUST01403,25,F,South,2022-12-23,Bronze
CUST01404,18,M,North,2022-10-04,Silver
CUST01405,20,M,West,2022-08-03,Bronze
CUST01406,41,F,North,2022-10-28,Silver
CUST01407,40,F,East,2022-03-21,Bronze
CUST01408,25,M,Central,2022-08-01,Bronze
CUST01409,64,F,East,2022-12-02,Silver
CUST01410,54,M,North,2022-02-20,Bronze
CUST01411,20,F,South,2022-09-08,Bronze
CUST01412,68,M,Central,2022-11-12,Bronze
CUST01413,50,F,East,2022-07-28,Bronze
CUST01414,45,M,West,2022-05-24,Silver
CUST01415,64,F,South,2022-01-17,Gold
CUST01416,25,F,East,2022-12-20,Bronze
CUST01417,51,F,West,2022-07-09,Silver
CUST01418,52,F,North,2022-04-22,Silver
CUST01419,49,F,West,2022-08-16,Bronze
CUST01420,41,M,East,2022-08-16,Bronze
CUST01421,31,M,East,2022-05-01,Gold
CUST01422,49,F,North,2022-07-05,Silver
CUST01423,63,M,West,2022-02-20,Silver
CUST01424,60,F,West,2022-12-18,Silver
CUST01425,33,Other,North,2022-07-08,Bronze
CUST01426,21,M,West,2022-10-06,Silver
CUST01427,69,F,North,2022-11-27,Silver
CUST01428,54,M,South,2022-07-03,Silver
CUST01429,38,F,East,2022-02-01,Bronze
CUST01430,31,M,South,2022-07-23,Bronze
CUST01431,48,M,Central,2022-05-22,Bronze
CUST01432,65,F,Central,2022-04-08,Platinum
CUST01433,35,F,Central,2022-03-04,Bronze
CUST01434,24,F,North,2022-08-21,Bronze
CUST01435,27,F,West,2022-02-16,Bronze
CUST01436,24,M,South,2022-12-06,Bronze
CUST01437,50,F,South,2022-04-19,Silver
CUST01438,40,M,South,2022-11-25,Silver
CUST01439,38,F,South,2022-11-24,Silver
CUST01440,36,F,Central,2022-11-02,Bronze
CUST01441,65,F,South,2022-01-11,Silver
CUST01442,36,F,West,2022-01-26,Bronze
CUST01443,53,M,Central,2022-06-20,Bronze
CUST01444,46,F,South,2022-05-05,Bronze
CUST01445,35,M,North,2022-03-06,Bronze
CUST01446,19,F,East,2022-10-17,Bronze
CUST01447,18,M,East,2022-04-16,Silver
CUST01448,64,F,East,2022-02-05,Silver
CUST01449,22,F,Central,2022-10-11,Gold
CUST01450,37,M,South,2022-04-17,Bronze
CUST01451,28,M,Central,2022-10-28,Bronze
CUST01452,59,F,West,2022-04-21,Bronze
CUST01453,19,M,North,2022-04-30,Platinum
CUST01454,20,M,North,2022-06-18,Silver
CUST01455,40,M,East,2022-03-17,Silver
CUST01456,29,M,East,2022-11-02,Bronze
CUST01457,37,F,East,2022-01-02,Silver
CUST01458,22,F,South,2022-05-22,Bronze
CUST01459,54,M,West,2022-03-16,Silver
CUST01460,55,M,West,2022-03-08,Gold
CUST01461,47,M,West,2022-10-04,Platinum
CUST01462,26,M,West,2022-05-09,Silver
CUST01463,51,M,East,2022-03-31,Bronze
CUST01464,61,M,North,2022-02-26,Gold
CUST01465,52,M,East,2022-12-05,Silver
CUST01466,69,F,West,2022-01-14,Bronze
CUST01467,39,M,East,2022-03-09,Bronze
CUST01468,61,F,West,2022-01-08,Bronze
CUST01469,41,F,Central,2022-07-03,Bronze
CUST01470,34,F,North,2022-05-02,Bronze
CUST01471,27,F,Central,2022-10-29,Silver
CUST01472,47,F,South,2022-06-15,Bronze
CUST01473,63,F,East,2022-01-09,Bronze
CUST01474,40,F,South,2022-03-31,Silver
CUST01475,49,F,East,2022-05-16,Gold
CUST01476,34,F,Central,2022-01-27,Silver
CUST01477,67,F,West,2022-03-06,Bronze
CUST01478,68,M,West,2022-08-04,Gold
CUST01479,34,M,East,2022-09-27,Gold
CUST01480,31,M,West,2022-02-28,Bronze
CUST01481,26,F,Central,2022-02-02,Bronze
CUST01482,57,F,West,2022-09-01,Silver
CUST01483,19,F,Central,2022-08-18,Gold
CUST01484,62,F,South,2022-07-05,Platinum
CUST01485,42,M,Central,2022-09-20,Gold
CUST01486,56,M,North,2022-10-31,Silver
CUST01487,26,F,North,2022-02-25,Silver
CUST01488,39,F,North,2022-08-20,Bronze
CUST01489,60,Other,East,2022-09-15,Bronze
CUST01490,63,M,East,2022-04-24,Bronze
CUST01491,21,F,East,2022-11-11,Silver
CUST01492,43,F,Central,2022-01-23,Silver
CUST01493,46,F,East,2022-12-04,Silver
CUST01494,62,F,South,2022-09-24,Bronze
CUST01495,51,F,North,2022-06-04,Silver
CUST01496,40,M,Central,2022-08-23,Bronze
CUST01497,54,F,North,2022-11-26,Bronze
CUST01498,28,F,East,2022-01-16,Silver
CUST01499,23,F,Central,2022-02-01,Silver
CUST01500,35,F,West,2022-09-03,Platinum
CUST01501,38,M,South,2022-07-25,Bronze
CUST01502,59,M,East,2022-08-07,Bronze
CUST01503,53,Other,East,2022-12-18,Bronze
CUST01504,58,F,South,2022-02-25,Bronze
CUST01505,55,F,South,2022-09-09,Gold
CUST01506,51,M,West,2022-12-31,Silver
CUST01507,34,F,East,2022-08-16,Gold
CUST01508,54,F,East,2022-02-07,Bronze
CUST01509,42,F,North,2022-02-11,Gold
CUST01510,55,M,Central,2022-06-14,Bronze
CUST01511,29,F,Central,2022-11-08,Gold
CUST01512,40,F,North,2022-03-17,Bronze
CUST01513,59,M,Central,2022-02-03,Bronze
CUST01514,39,F,South,2022-03-06,Silver
CUST01515,38,F,Central,2022-05-21,Gold
CUST01516,44,F,Central,2022-11-16,Bronze
CUST01517,48,F,North,2022-11-21,Bronze
CUST01518,23,M,West,2022-10-27,Gold
CUST01519,44,M,Central,2022-10-08,Bronze
CUST01520,57,M,Central,2022-12-31,Bronze
CUST01521,51,M,West,2022-06-16,Bronze
CUST01522,29,F,North,2022-07-15,Bronze
CUST01523,62,M,West,2022-11-02,Gold
CUST01524,24,F,North,2022-09-29,Silver
CUST01525,27,Other,South,2022-05-31,Silver
CUST01526,62,F,North,2022-08-21,Platinum
CUST01527,34,F,South,2022-09-16,Bronze
CUST01528,43,F,South,2022-11-06,Bronze
CUST01529,38,F,North,2022-08-09,Bronze
CUST01530,45,M,East,2022-02-20,Bronze
CUST01531,63,M,North,2022-12-26,Bronze
CUST01532,19,F,Central,2022-02-28,Gold
CUST01533,60,F,Central,2022-12-02,Silver
CUST01534,18,F,East,2022-11-30,Bronze
CUST01535,68,F,South,2022-10-10,Silver
CUST01536,53,F,East,2022-04-21,Silver
CUST01537,68,M,Central,2022-08-09,Gold
CUST01538,43,Other,East,2022-08-20,Gold
CUST01539,46,F,North,2022-04-27,Silver
CUST01540,38,M,East,2022-07-31,Silver
CUST01541,28,F,South,2022-06-23,Silver
CUST01542,57,M,North,2022-08-21,Silver
CUST01543,28,F,West,2022-07-24,Bronze
CUST01544,53,F,Central,2022-08-01,Bronze
CUST01545,66,M,Central,2022-02-18,Silver
CUST01546,56,F,East,2022-06-10,Bronze
CUST01547,57,F,North,2022-08-07,Bronze
CUST01548,52,M,West,2022-06-10,Silver
CUST01549,51,M,North,2022-12-07,Bronze
CUST01550,64,F,Central,2022-05-11,Silver
CUST01551,41,M,North,2022-07-11,Silver
CUST01552,39,M,West,2022-03-20,Platinum
CUST01553,22,M,East,2022-12-18,Bronze
CUST01554,50,M,South,2022-08-31,Bronze
CUST01555,53,F,North,2022-02-04,Silver
CUST01556,64,F,South,2022-02-16,Gold
CUST01557,37,M,Central,2022-02-13,Platinum
CUST01558,36,F,East,2022-02-17,Bronze
CUST01559,52,M,East,2022-08-10,Bronze
CUST01560,69,F,North,2022-02-19,Gold
CUST01561,60,Other,East,2022-07-10,Bronze
CUST01562,34,M,North,2022-03-08,Silver
CUST01563,62,F,North,2022-10-12,Bronze
CUST01564,60,F,South,2022-01-31,Bronze
CUST01565,51,M,East,2022-10-28,Bronze
CUST01566,26,M,North,2022-10-15,Bronze
CUST01567,43,M,South,2022-10-15,Silver
CUST01568,19,F,West,2022-06-18,Gold
CUST01569,26,Other,South,2022-12-10,Bronze
CUST01570,26,F,South,2022-03-04,Gold
CUST01571,57,F,North,2022-07-30,Bronze
CUST01572,34,F,Central,2022-07-01,Silver
CUST01573,18,F,Central,2022-12-07,Bronze
CUST01574,42,F,Central,2022-08-05,Gold
CUST01575,60,M,South,2022-01-27,Silver
CUST01576,57,F,North,2022-05-28,Silver
CUST01577,59,F,East,2022-11-04,Gold
CUST01578,42,M,South,2022-06-09,Silver
CUST01579,56,F,South,2022-06-30,Platinum
CUST01580,52,M,North,2022-02-23,Silver
CUST01581,20,F,West,2022-10-23,Gold
CUST01582,67,F,South,2022-09-17,Silver
CUST01583,54,M,West,2022-04-19,Bronze
CUST01584,61,M,West,2022-03-21,Silver
CUST01585,61,M,Central,2022-12-03,Bronze
CUST01586,68,F,North,2022-09-04,Silver
CUST01587,47,M,West,2022-04-25,Bronze
CUST01588,55,F,North,2022-02-25,Silver
CUST01589,51,M,Central,2022-06-29,Bronze
CUST01590,29,Other,North,2022-10-12,Bronze
CUST01591,36,F,South,2022-07-08,Bronze
CUST01592,54,F,West,2022-02-28,Platinum
CUST01593,61,F,North,2022-05-23,Bronze
CUST01594,66,F,East,2022-10-21,Bronze
CUST01595,34,F,North,2022-04-26,Silver
CUST01596,27,M,West,2022-08-08,Silver
CUST01597,66,M,Central,2022-10-15,Bronze
CUST01598,64,M,Central,2022-11-15,Bronze
CUST01599,29,M,West,2022-11-11,Bronze
CUST01600,33,M,South,2022-12-12,Platinum
CUST01601,41,F,South,2022-11-26,Bronze
CUST01602,36,Other,Central,2022-10-13,Bronze
CUST01603,25,M,Central,2022-01-14,Bronze
CUST01604,48,F,West,2022-11-08,Bronze
CUST01605,38,M,South,2022-12-03,Silver
CUST01606,34,F,Central,2022-12-22,Bronze
CUST01607,40,F,South,2022-05-17,Bronze
CUST01608,54,F,Central,2022-01-15,Bronze
CUST01609,33,Other,North,2022-04-03,Bronze
CUST01610,23,M,East,2022-05-20,Bronze
CUST01611,25,F,North,2022-12-26,Gold
CUST01612,42,F,Central,2022-06-08,Silver
CUST01613,35,M,East,2022-06-23,Gold
CUST01614,42,F,East,2022-06-29,Gold
CUST01615,29,M,Central,2022-01-04,Silver
CUST01616,32,F,Central,2022-04-03,Bronze
CUST01617,43,M,South,2022-03-15,Silver
CUST01618,58,M,Central,2022-10-17,Gold
CUST01619,62,F,West,2022-12-03,Silver
CUST01620,43,F,Central,2022-07-25,Silver
CUST01621,64,M,West,2022-02-05,Bronze
CUST01622,49,M,Central,2022-03-14,Gold
CUST01623,27,F,South,2022-11-21,Silver
CUST01624,33,M,West,2022-01-16,Platinum
CUST01625,24,M,North,2022-02-16,Bronze
CUST01626,34,F,West,2022-09-29,Bronze
CUST01627,40,F,South,2022-04-21,Bronze
CUST01628,43,M,West,2022-07-12,Silver
CUST01629,38,F,Central,2022-08-03,Bronze
CUST01630,39,F,Central,2022-08-21,Bronze
CUST01631,24,F,South,2022-06-24,Platinum
CUST01632,31,F,East,2022-03-22,Bronze
CUST01633,32,M,Central,2022-07-09,Gold
CUST01634,24,M,North,2022-06-09,Bronze
CUST01635,26,M,South,2022-06-16,Gold
CUST01636,68,F,West,2022-10-18,Silver
CUST01637,65,M,West,2022-11-02,Gold
CUST01638,25,F,North,2022-02-13,Gold
CUST01639,67,M,Central,2022-01-27,Bronze
CUST01640,40,M,South,2022-03-21,Bronze
CUST01641,46,F,North,2022-03-22,Bronze
CUST01642,35,M,Central,2022-11-13,Silver
CUST01643,48,M,South,2022-01-26,Gold
CUST01644,47,F,West,2022-12-12,Bronze
CUST01645,69,M,South,2022-02-11,Silver
CUST01646,56,F,East,2022-05-20,Bronze
CUST01647,52,F,South,2022-08-15,Gold
CUST01648,35,M,East,2022-12-05,Platinum
CUST01649,59,F,South,2022-08-06,Bronze
CUST01650,56,F,East,2022-09-06,Bronze
CUST01651,34,M,West,2022-11-07,Bronze
CUST01652,31,M,Central,2022-08-15,Silver
CUST01653,48,M,East,2022-08-01,Silver
CUST01654,41,F,East,2022-05-20,Bronze
CUST01655,52,M,West,2022-04-21,Bronze
CUST01656,61,F,East,2022-09-20,Bronze
CUST01657,62,F,North,2022-02-28,Silver
CUST01658,51,F,West,2022-06-26,Silver
CUST01659,20,M,North,2022-08-09,Bronze
CUST01660,54,M,West,2022-02-26,Silver
CUST01661,60,F,East,2022-05-26,Silver
CUST01662,57,M,North,2022-12-14,Bronze
CUST01663,43,M,East,2022-12-14,Bronze
CUST01664,40,M,West,2022-10-31,Silver
CUST01665,61,M,East,2022-09-07,Platinum
CUST01666,56,F,North,2022-09-27,Bronze
CUST01667,32,M,North,2022-12-08,Bronze
CUST01668,66,M,East,2022-06-07,Bronze
CUST01669,21,M,South,2022-01-24,Silver
CUST01670,46,F,West,2022-04-23,Bronze
CUST01671,39,F,West,2022-07-22,Bronze
CUST01672,42,M,East,2022-11-03,Silver
CUST01673,30,F,South,2022-01-29,Silver
CUST01674,35,F,North,2022-01-04,Bronze
CUST01675,50,F,Central,2022-04-15,Bronze
CUST01676,33,F,Central,2022-06-04,Silver
CUST01677,62,M,East,2022-04-19,Bronze
CUST01678,59,M,South,2022-03-12,Bronze
CUST01679,61,M,South,2022-05-11,Gold
CUST01680,19,M,West,2022-05-29,Bronze
CUST01681,52,Other,North,2022-06-17,Silver
CUST01682,59,M,South,2022-03-03,Gold
CUST01683,51,M,Central,2022-01-04,Bronze
CUST01684,47,F,North,2022-09-12,Bronze
CUST01685,30,F,North,2022-08-09,Silver
CUST01686,30,M,East,2022-03-31,Gold
CUST01687,35,M,South,2022-03-08,Gold
CUST01688,49,M,East,2022-07-14,Silver
CUST01689,49,F,South,2022-09-30,Bronze
CUST01690,52,M,West,2022-12-27,Silver
CUST01691,56,M,East,2022-04-28,Bronze
CUST01692,63,F,East,2022-09-14,Bronze
CUST01693,69,M,Central,2022-10-14,Bronze
CUST01694,46,F,East,2022-12-09,Bronze
CUST01695,66,F,South,2022-07-01,Silver
CUST01696,46,M,Central,2022-02-06,Bronze
CUST01697,61,F,East,2022-07-23,Bronze
CUST01698,33,F,East,2022-01-22,Bronze
CUST01699,61,M,West,2022-08-12,Gold
CUST01700,64,F,East,2022-01-10,Silver
CUST01701,27,F,North,2022-08-24,Bronze
CUST01702,47,F,Central,2022-02-09,Bronze
CUST01703,42,M,North,2022-06-10,Bronze
CUST01704,56,Other,Central,2022-10-22,Gold
CUST01705,37,M,West,2022-08-08,Silver
CUST01706,22,M,East,2022-10-21,Silver
CUST01707,18,M,East,2022-07-27,Silver
CUST01708,47,M,East,2022-12-30,Bronze
CUST01709,66,F,Central,2022-11-24,Gold
CUST01710,20,M,East,2022-08-02,Silver
CUST01711,62,M,North,2022-05-29,Bronze
CUST01712,31,F,East,2022-02-28,Bronze
CUST01713,47,M,West,2022-07-27,Silver
CUST01714,67,M,North,2022-01-11,Gold
CUST01715,21,M,East,2022-06-16,Bronze
CUST01716,35,M,East,2022-03-29,Gold
CUST01717,54,M,South,2022-11-13,Silver
CUST01718,42,F,Central,2022-08-24,Bronze
CUST01719,65,M,North,2022-12-20,Bronze
CUST01720,18,M,South,2022-07-05,Bronze
CUST01721,63,F,West,2022-02-15,Silver
CUST01722,32,F,Central,2022-08-12,Bronze
CUST01723,26,M,North,2022-02-24,Bronze
CUST01724,32,F,East,2022-05-05,Silver
CUST01725,66,M,North,2022-08-12,Silver
CUST01726,41,F,East,2022-10-29,Bronze
CUST01727,21,F,Central,2022-07-25,Bronze
CUST01728,29,M,East,2022-09-26,Bronze
CUST01729,54,F,West,2022-02-10,Silver
CUST01730,54,M,East,2022-07-22,Gold
CUST01731,60,F,West,2022-06-08,Bronze
CUST01732,23,M,Central,2022-06-23,Gold
CUST01733,56,F,Central,2022-04-24,Silver
CUST01734,63,F,North,2022-06-20,Silver
CUST01735,41,F,West,2022-03-28,Silver
CUST01736,28,M,West,2022-02-09,Bronze
CUST01737,30,F,South,2022-09-19,Bronze
CUST01738,51,F,South,2022-11-21,Silver
CUST01739,42,F,South,2022-02-28,Silver
CUST01740,24,F,East,2022-09-29,Silver
CUST01741,69,F,South,2022-09-19,Bronze
CUST01742,21,M,West,2022-04-10,Gold
CUST01743,25,M,East,2022-06-28,Silver
CUST01744,37,F,Central,2022-06-29,Bronze
CUST01745,46,M,North,2022-11-27,Bronze
CUST01746,68,Other,South,2022-03-17,Silver
CUST01747,62,F,Central,2022-05-01,Silver
CUST01748,63,F,West,2022-02-22,Bronze
CUST01749,27,M,North,2022-03-16,Gold
CUST01750,60,F,Central,2022-05-12,Bronze
CUST01751,51,F,North,2022-04-12,Bronze
CUST01752,43,F,South,2022-03-30,Gold
CUST01753,58,F,West,2022-11-05,Gold
CUST01754,66,M,North,2022-03-20,Silver
CUST01755,20,F,Central,2022-12-02,Gold
CUST01756,23,F,South,2022-02-08,Bronze
CUST01757,22,M,South,2022-04-01,Gold
CUST01758,22,M,Central,2022-11-18,Bronze
CUST01759,64,F,Central,2022-09-10,Bronze
CUST01760,40,F,North,2022-08-26,Bronze
CUST01761,66,Other,East,2022-10-16,Bronze
CUST01762,26,F,South,2022-10-24,Bronze
CUST01763,52,M,North,2022-08-18,Bronze
CUST01764,37,M,Central,2022-12-15,Bronze
CUST01765,66,M,North,2022-10-17,Bronze
CUST01766,59,M,Central,2022-11-26,Silver
CUST01767,52,M,West,2022-11-22,Bronze
CUST01768,67,M,Central,2022-11-16,Bronze
CUST01769,35,M,Central,2022-06-15,Silver
CUST01770,34,F,Central,2022-11-18,Gold
CUST01771,41,M,East,2022-06-11,Silver
CUST01772,20,F,Central,2022-03-19,Bronze
CUST01773,49,F,South,2022-08-14,Silver
CUST01774,52,M,South,2022-02-04,Bronze
CUST01775,55,M,North,2022-08-29,Bronze
CUST01776,30,M,East,2022-08-15,Bronze
CUST01777,64,M,North,2022-11-20,Gold
CUST01778,42,F,South,2022-06-05,Bronze
CUST01779,26,M,South,2022-05-21,Bronze
CUST01780,21,M,West,2022-10-30,Bronze
CUST01781,31,M,Central,2022-01-29,Gold
CUST01782,54,Other,South,2022-06-30,Silver
CUST01783,51,F,North,2022-09-17,Bronze
CUST01784,28,F,North,2022-02-07,Silver
CUST01785,58,M,Central,2022-06-08,Silver
CUST01786,20,F,Central,2022-08-25,Silver
CUST01787,45,F,West,2022-08-20,Bronze
CUST01788,46,F,East,2022-01-20,Gold
CUST01789,26,Other,North,2022-01-30,Bronze
CUST01790,20,M,Central,2022-07-08,Silver
CUST01791,42,F,North,2022-05-27,Bronze
CUST01792,51,F,Central,2022-02-09,Bronze
CUST01793,29,M,South,2022-11-27,Bronze
CUST01794,59,M,North,2022-02-16,Silver
CUST01795,26,Other,South,2022-11-11,Bronze
CUST01796,32,M,North,2022-11-01,Silver
CUST01797,57,F,East,2022-09-17,Bronze
CUST01798,42,Other,West,2022-07-16,Silver
CUST01799,22,F,South,2022-08-25,Gold
CUST01800,28,M,Central,2022-10-25,Silver
CUST01801,51,F,East,2022-10-11,Silver
CUST01802,41,M,North,2022-01-22,Silver
CUST01803,32,F,South,2022-08-19,Bronze
CUST01804,55,M,North,2022-10-20,Gold
CUST01805,25,F,North,2022-11-30,Bronze
CUST01806,22,F,North,2022-04-07,Silver
CUST01807,65,F,West,2022-06-14,Silver
CUST01808,43,F,West,2022-11-06,Bronze
CUST01809,35,F,Central,2022-09-01,Bronze
CUST01810,23,F,South,2022-09-14,Bronze
CUST01811,54,M,East,2022-03-19,Gold
CUST01812,65,F,East,2022-02-01,Gold
CUST01813,30,M,East,2022-08-19,Silver
CUST01814,45,F,North,2022-02-22,Silver
CUST01815,22,M,West,2022-06-25,Gold
CUST01816,30,M,South,2023-01-01,Bronze
CUST01817,34,F,North,2022-02-13,Bronze
CUST01818,67,M,West,2022-09-16,Silver
CUST01819,57,M,West,2022-11-27,Gold
CUST01820,62,F,South,2022-03-30,Gold
CUST01821,49,F,South,2022-01-21,Bronze
CUST01822,46,F,South,2022-05-07,Bronze
CUST01823,68,M,North,2022-12-29,Bronze
CUST01824,20,F,Central,2022-08-13,Bronze
CUST01825,57,M,South,2022-08-13,Bronze
CUST01826,51,F,Central,2022-09-26,Silver
CUST01827,57,F,North,2022-09-25,Bronze
CUST01828,44,F,Central,2022-11-09,Gold
CUST01829,30,M,East,2022-03-23,Bronze
CUST01830,62,M,Central,2022-07-06,Silver
CUST01831,50,M,South,2022-07-10,Bronze
CUST01832,23,M,North,2022-05-25,Bronze
CUST01833,41,M,South,2022-07-18,Bronze
CUST01834,36,F,East,2022-07-29,Platinum
CUST01835,33,M,South,2022-06-23,Gold
CUST01836,57,F,South,2022-12-14,Bronze
CUST01837,45,M,South,2022-11-03,Bronze
CUST01838,50,F,West,2022-01-27,Gold
CUST01839,65,F,East,2022-11-20,Bronze
CUST01840,58,M,South,2022-11-28,Bronze
CUST01841,30,M,South,2022-06-21,Silver
CUST01842,60,F,South,2022-02-03,Gold
CUST01843,62,M,North,2022-06-18,Bronze
CUST01844,42,F,West,2022-02-18,Bronze
CUST01845,59,F,North,2022-10-13,Gold
CUST01846,53,F,West,2022-12-14,Bronze
CUST01847,44,M,South,2022-07-17,Bronze
CUST01848,55,F,East,2022-05-26,Silver
CUST01849,24,F,Central,2022-05-10,Gold
CUST01850,22,F,Central,2022-12-03,Bronze
CUST01851,60,M,South,2022-11-05,Platinum
CUST01852,62,F,North,2022-03-18,Silver
CUST01853,68,F,East,2022-06-20,Bronze
CUST01854,48,F,West,2022-02-11,Platinum
CUST01855,40,M,South,2022-10-26,Bronze
CUST01856,59,F,East,2022-12-06,Bronze
CUST01857,27,M,East,2022-03-14,Silver
CUST01858,49,F,West,2022-06-29,Bronze
CUST01859,60,F,East,2022-06-08,Bronze
CUST01860,47,F,North,2022-12-02,Bronze
CUST01861,56,F,North,2022-12-24,Bronze
CUST01862,48,M,North,2022-12-06,Gold
CUST01863,35,Other,East,2022-07-20,Silver
CUST01864,53,M,North,2022-03-08,Platinum
CUST01865,19,F,West,2022-11-01,Bronze
CUST01866,31,F,East,2022-12-29,Bronze
CUST01867,30,F,Central,2022-02-13,Bronze
CUST01868,46,M,East,2022-06-08,Bronze
CUST01869,29,F,West,2022-10-14,Bronze
CUST01870,56,F,Central,2022-07-12,Silver
CUST01871,19,M,East,2022-11-26,Gold
CUST01872,49,F,North,2022-06-18,Platinum
CUST01873,30,M,South,2022-03-07,Bronze
CUST01874,63,M,South,2022-12-10,Gold
CUST01875,44,M,North,2022-12-26,Bronze
CUST01876,66,M,South,2022-12-17,Bronze
CUST01877,58,F,South,2022-09-27,Gold
CUST01878,34,M,North,2022-02-17,Silver
CUST01879,57,M,North,2022-11-27,Bronze
CUST01880,48,M,East,2022-12-10,Bronze
CUST01881,51,F,East,2022-08-05,Bronze
CUST01882,41,F,North,2022-09-18,Silver
CUST01883,62,M,West,2022-07-05,Bronze
CUST01884,52,M,South,2022-01-10,Platinum
CUST01885,65,F,East,2022-07-05,Bronze
CUST01886,23,M,South,2022-06-08,Bronze
CUST01887,36,F,Central,2022-04-03,Bronze
CUST01888,47,M,North,2022-04-20,Silver
CUST01889,24,F,West,2022-06-24,Bronze
CUST01890,27,M,Central,2022-09-06,Silver
CUST01891,58,F,Central,2022-04-09,Gold
CUST01892,49,M,Central,2022-04-26,Gold
CUST01893,51,Other,North,2022-03-12,Gold
CUST01894,45,M,East,2022-03-21,Gold
CUST01895,32,F,North,2022-02-09,Silver
CUST01896,47,M,East,2022-06-01,Gold
CUST01897,54,M,Central,2022-02-21,Bronze
CUST01898,46,F,Central,2022-09-17,Bronze
CUST01899,39,M,West,2022-10-04,Bronze
CUST01900,21,F,East,2022-09-27,Bronze
CUST01901,37,F,Central,2022-01-20,Bronze
CUST01902,49,F,South,2022-12-05,Platinum
CUST01903,53,M,West,2022-06-22,Bronze
CUST01904,67,F,North,2022-11-13,Bronze
CUST01905,21,M,West,2022-03-09,Silver
CUST01906,44,F,South,2022-11-02,Bronze
CUST01907,34,F,East,2022-07-12,Bronze
CUST01908,29,F,North,2022-03-20,Bronze
CUST01909,39,F,North,2022-03-25,Bronze
CUST01910,34,F,East,2022-04-03,Bronze
CUST01911,27,M,West,2022-12-21,Silver
CUST01912,18,F,Central,2022-11-16,Silver
CUST01913,39,M,West,2022-03-26,Bronze
CUST01914,43,F,South,2022-08-13,Bronze
CUST01915,35,F,Central,2022-01-23,Bronze
CUST01916,67,F,West,2022-07-30,Silver
CUST01917,31,M,East,2022-07-06,Bronze
CUST01918,64,F,South,2022-12-13,Bronze
CUST01919,46,M,South,2022-05-02,Silver
CUST01920,29,M,South,2022-08-16,Bronze
CUST01921,53,M,Central,2022-11-09,Bronze
CUST01922,52,M,North,2022-05-26,Bronze
CUST01923,69,M,Central,2022-08-18,Gold
CUST01924,29,F,West,2022-04-30,Gold
CUST01925,24,M,North,2022-10-01,Silver
CUST01926,46,M,West,2022-05-03,Bronze
CUST01927,28,F,North,2022-06-08,Silver
CUST01928,50,M,Central,2022-08-29,Platinum
CUST01929,23,F,South,2022-04-10,Platinum
CUST01930,64,F,East,2022-07-08,Bronze
CUST01931,32,F,South,2022-12-14,Gold
CUST01932,49,F,Central,2022-10-20,Bronze
CUST01933,68,F,North,2022-08-14,Bronze
CUST01934,28,F,South,2022-08-25,Silver
CUST01935,40,M,Central,2022-05-25,Bronze
CUST01936,43,F,West,2022-07-15,Gold
CUST01937,51,M,East,2022-09-15,Bronze
CUST01938,63,F,South,2022-09-28,Silver
CUST01939,51,M,North,2022-08-03,Gold
CUST01940,46,F,West,2022-03-24,Gold
CUST01941,21,M,Central,2022-04-13,Bronze
CUST01942,34,F,East,2022-11-06,Bronze
CUST01943,52,M,North,2022-03-12,Silver
CUST01944,30,F,Central,2022-05-09,Bronze
CUST01945,58,F,Central,2022-01-27,Platinum
CUST01946,56,M,South,2022-11-25,Gold
CUST01947,32,F,South,2022-09-04,Bronze
CUST01948,46,F,North,2022-07-10,Bronze
CUST01949,46,F,Central,2022-10-11,Bronze
CUST01950,28,M,South,2022-02-22,Gold
CUST01951,69,M,East,2022-12-31,Bronze
CUST01952,49,M,East,2022-09-22,Bronze
CUST01953,19,M,Central,2022-03-05,Bronze
CUST01954,64,F,South,2022-05-26,Silver
CUST01955,31,M,North,2022-02-12,Bronze
CUST01956,37,F,North,2022-03-24,Bronze
CUST01957,39,M,North,2022-05-20,Gold
CUST01958,28,F,East,2022-08-19,Gold
CUST01959,44,F,South,2022-09-20,Silver
CUST01960,20,F,South,2022-03-17,Bronze
CUST01961,34,M,East,2022-08-12,Bronze
CUST01962,61,M,North,2022-02-16,Silver
CUST01963,45,M,North,2022-04-24,Bronze
CUST01964,46,M,Central,2022-08-19,Gold
CUST01965,38,M,West,2022-06-28,Silver
CUST01966,64,M,South,2022-01-14,Bronze
CUST01967,33,M,South,2022-08-01,Gold
CUST01968,54,F,South,2022-01-28,Platinum
CUST01969,37,M,West,2022-07-22,Bronze
CUST01970,23,F,Central,2022-09-15,Silver
CUST01971,36,M,West,2022-07-11,Bronze
CUST01972,22,F,North,2022-05-01,Bronze
CUST01973,20,F,North,2022-07-17,Bronze
CUST01974,18,F,South,2022-02-11,Silver
CUST01975,55,F,East,2022-07-11,Platinum
CUST01976,32,M,South,2022-04-25,Silver
CUST01977,51,F,East,2022-01-15,Bronze
CUST01978,52,M,West,2022-06-13,Silver
CUST01979,66,M,North,2022-02-20,Bronze
CUST01980,42,F,East,2023-01-01,Gold
CUST01981,41,F,West,2022-11-29,Bronze
CUST01982,29,M,North,2022-06-21,Bronze
CUST01983,35,F,East,2022-03-16,Bronze
CUST01984,32,F,South,2022-03-12,Silver
CUST01985,61,M,South,2022-01-20,Bronze
CUST01986,33,M,South,2022-05-27,Silver
CUST01987,44,M,West,2022-08-30,Bronze
CUST01988,25,M,South,2022-12-23,Bronze
CUST01989,63,M,Central,2022-03-13,Bronze
CUST01990,42,M,North,2022-12-28,Gold
CUST01991,34,M,West,2022-08-29,Gold
CUST01992,46,F,South,2022-08-18,Bronze
CUST01993,25,F,North,2022-11-12,Bronze
CUST01994,32,Other,East,2022-01-03,Bronze
CUST01995,44,M,South,2022-02-10,Silver
CUST01996,63,F,North,2022-01-10,Bronze
CUST01997,67,F,Central,2022-05-12,Gold
CUST01998,69,F,East,2022-04-21,Gold
CUST01999,24,M,Central,2022-03-18,Bronze
CUST02000,20,F,North,2022-10-08,Bronze
